Age,GS,G,STL,BLK,PF,Two_Pt_Pct,Three_Pt_Pct,FT_PCt,TS_PCt,Three_Pt_Att,FTr,Assist_Pct,Steal_Pct,Block_Pct,Turnover_Pct,Usage_Pct,ORtg,DRtg,Rising_Star
24,0,22,0,0.6,1,0.38,0.5,0.45,0.47,0.24,0.48,3.8,0.3,7.2,16.4,17.6,87,106,0
24,1,50,0.6,0.1,1.2,0.47,0.35,0.8,0.53,0.51,0.25,23.9,2,0.3,14.5,22.7,102,109,0
25,82,82,0.8,0.2,2.4,0.45,0.4,0.82,0.55,0.39,0.22,25.6,1.2,0.3,13.7,25.7,108,112,0
20,39,68.33333333,0.8,0.7,2.2,0.53,0.3,0.72,0.54,0.31,0.33,10.5,1.6,2.4,13.9,20.1,114,111,0
25,0,32,0.3,0.3,1.7,0.51,0.3,0.71,0.55,0,0.34,10.6,1.5,2.7,16,16.4,115,106,0
22,1,11.66666667,1,0.2,3,0.39,0.3,0.77,0.39,0.62,0.63,22.6,3.2,0.8,14.1,15.5,87,112,0
22.5,13,54,0.8,0.3,1.8,0.46,0.39,0.86,0.52,0.49,0.19,19.5,1.6,1.8,12.4,21.9,104,111,0
31,0,1,0,0,4,0.4,0.25,0.5,0.41,0.44,0.22,4,0,0,9.2,13.7,91,114,0
25,2.333333333,52.33333333,0.4,0.4,1.4,0.53,0.37,0.77,0.58,0.48,0.28,7.1,1.4,2.3,17,17.1,107,111,0
25,1,26,0.4,0,0.6,0.51,0.31,0.78,0.59,0.21,0.65,17.5,2.3,0.4,15,21.7,111,109,0
21,0,11,0.4,0,1.5,0.46,0.4,0.5,0.54,0.54,0.14,5,1.7,0,6.3,12.1,115,114,0
25,0,31,0.1,0.1,0.5,0.42,0.24,0.63,0.42,0.25,0.09,11.3,0.6,0.6,10.2,18.3,92,108,0
22,2,27,0.3,0.1,1.5,0.57,0.3,0.69,0.51,0.63,0.17,6.2,1.3,0.9,8,12.5,105,118,0
20,1,6,0,0,1,0.56,0.2,1,0.49,0.36,0.07,13.4,0,0,6.5,18.5,98,115,0
24,8,34,0.6,0.4,2.8,0.51,0.28,0.74,0.51,0.28,0.35,8.9,3,4.4,18.7,23.1,103,112,0
26.33333333,78.16666667,78.16666667,0.9,1.5,2.8,0.56,1,0.8,0.59,0.3,0.32,23.6,1.5,3.6,14.1,22.2,121,105,1
26,46,75,0.6,0.5,2.7,0.48,0.36,0.73,0.52,0.05,0.31,7.1,1.1,1.3,11.7,19,104,112,0
21,35.33333333,74.33333333,1.2,0.7,2.1,0.49,0.32,0.77,0.52,0.35,0.31,7.8,2.4,2.1,18.3,17.3,101,108,0
29,12,17,0.3,0.2,2.1,0.38,0.39,0.85,0.52,0.43,0.24,9.5,0.6,0.5,13.7,18.6,99,110,0
24,0,20.66666667,1,0.7,2.7,0.52,0.3,0.67,0.55,0,0.58,16.3,3.4,6,24.2,22.6,113,106,0
25,0,15,0,0,0.4,0.5,0.14,0.76,0.53,0.18,0.54,6.4,0,0,9.4,24.4,109,118,0
21,4,67,0.9,0.2,2.4,0.48,0.36,0.75,0.55,0.24,0.45,16.9,1.7,0.9,14.3,23.9,106,113,0
22,0,20,0.1,0.1,0.7,0.63,0.31,0.8,0.52,0.78,0.14,7.9,0.4,0.7,4.9,15.5,111,116,0
19,0,14,0.2,0.3,1,0.63,0.23,0.84,0.61,0.33,0.48,14.3,1,2.6,18.5,18.2,112,115,0
24,4,40,1,0.4,2.2,0.51,0.48,0.8,0.57,0.41,0.37,19.7,2.8,1.4,24.5,19,109,110,0
23,0,5,0,0,0.2,0.25,0.3,1,0.41,0,0.5,10.1,0,0,0,15.7,112,115,0
21,31,63,0.5,1.5,3.1,0.51,0.33,0.73,0.54,0.01,0.4,8.5,1.1,5.3,22.1,20.4,107,107,0
24,0.666666667,17.33333333,0.5,0.5,2.3,0.54,0.39,0.8,0.57,0.42,0.36,7.7,1.4,2.8,12.2,16.9,117,115,0
28,0,8,0.1,0.6,1.5,0.33,0.3,0.33,0.34,0,0.44,4.3,0.7,6,0,19.8,101,107,0
25,8.333333333,60.66666667,0.7,0.4,1.5,0.44,0.34,0.81,0.54,0.45,0.45,25.7,2,1.8,17.3,26.3,111,109,0
21.5,1,20,0.3,0.6,2.1,0.5,0.35,0.72,0.51,0.26,0.14,4.8,1.8,4.2,16.1,21.1,98,107,0
26,2,42,0.6,0.2,1.9,0.83,0.36,0.71,0.64,0.6,0.2,4,1.9,1.5,15.5,16,116,115,0
22.5,0,13.5,0.1,0.2,0.5,0.47,0.5,0.67,0.51,0.13,0.5,5,0.8,4.2,14.5,16.8,107,111,0
22,5.666666667,49,0.8,0.3,2.4,0.51,0.43,0.87,0.57,0.56,0.17,8.7,1.5,1.6,8.6,16.5,114,110,0
34,24,28,0.7,0.1,1.7,0.44,0.36,0.79,0.52,0.08,0.42,21,1.2,0.2,14.6,23,103,114,0
23.5,2,44,0.4,0.2,1.8,0.6,0.39,0.8,0.62,0.5,0.43,14.8,0.9,1.3,15.8,21.5,115,118,0
23,22.33333333,43.33333333,1.3,0.3,2.4,0.49,0.78,0.79,0.56,0.25,0.49,10.6,2.4,1.2,15.3,20.4,111,112,0
27.5,80,80,0.9,1.9,3.5,0.56,0.44,0.79,0.62,0.02,0.5,13.2,1.2,3.8,12.5,30.9,117,109,1
25.5,0,15,0.3,0.3,0.7,0.63,0.3,0.88,0.69,0,1,7.2,2.2,3.7,13,13.5,146,109,0
22,0,13,0.1,0.1,0.9,0.46,0.14,0.33,0.41,0.21,0.09,12.6,0.5,0.9,8,15.8,94,112,0
23,0,4,0,0,0.8,0.5,0.17,0.75,0.25,1,0,6.6,0,0,14.3,15,53,113,0
21.2,66.4,76.4,1.5,1.9,3.5,0.63,0.5,0.61,0.6,0.01,0.55,14.3,2.5,6.1,15.9,24.1,121,104,1
29,0,6,0.3,0.2,0.3,0.67,0,0.63,0.62,0.14,1.14,3.6,2.4,1.7,16,12.7,113,109,0
28,62,62,1.7,0.5,1.5,0.48,0.39,0.62,0.54,0.31,0.31,23.7,2.6,1,13.8,17.7,108,98,1
32.5,0,3,1.5,1.5,1.5,0.38,0.56,1,0.66,0.53,0.18,15.3,3.1,3.8,14.3,19.3,124,110,0
23,50.33333333,59,0.8,0.6,2.1,0.61,0.31,0.7,0.57,0.42,0.24,7.4,2.4,2,20.8,10.1,119,106,0
24,60,60,0.5,1.9,1.7,0.56,0.2,0.69,0.59,0.01,0.43,7.4,0.7,4,13.9,23.8,112,100,1
24.66666667,0,16.33333333,0.8,0.3,0.8,0.73,0.37,0.92,0.51,0.45,0.2,13.3,5.9,3.3,24.3,24.8,95,116,0
23,21.33333333,48.33333333,0.7,0.5,2.7,0.47,0.33,0.94,0.53,0.47,0.54,21.3,1.9,1.8,16.5,19.6,106,119,0
24,12,63.66666667,0.3,0.4,2,0.53,0.32,0.83,0.56,0.22,0.19,7.3,1,2,13,22.1,103,109,0
24,0,15,0.2,0.1,0.8,0.29,0.37,0.25,0.46,0.67,0.06,4.3,0.7,0.4,9.7,17.3,88,113,0
20,81.66666667,81.66666667,1,0.6,2.3,0.49,0.36,0.76,0.54,0.18,0.44,10.6,1.5,1.3,11.7,29,107,115,0
24,0,5,0.2,0,0,0.67,0.25,0.5,0.51,0.57,0.29,18.7,2.1,0,47,27.5,60,113,0
19.5,2.5,42.5,0.4,0.2,2,0.53,0.35,0.83,0.54,0.46,0.25,13.7,0.9,0.6,13.6,24.3,102,118,0
22,9,37.66666667,0.3,0.4,1.9,0.73,0.3,0.74,0.75,0,0.43,7.7,1.5,5.2,13.6,18.8,137,117,0
21,1,42.66666667,0.5,0.3,1.8,0.43,0.3,0.9,0.46,0.52,0.37,8.7,3.1,1.4,15.5,20.3,96,111,0
24,3.666666667,13.66666667,0.5,0.2,1.4,0.5,1,0.85,1.5,1,0.16,41.7,1.5,0.7,10.7,15.6,279,120,0
22.1,65,65.6,1.6,2.9,3,0.56,0.34,0.85,0.61,0.2,0.46,19,2.2,6.7,10.3,32.6,122,105,1
24.5,42,63.5,0.9,0.2,2.3,0.48,0.46,0.9,0.6,0.44,0.17,7.6,1.5,0.6,10,18,113,114,0
20.5,5.5,36.5,0.8,1.5,2.8,0.47,0.25,0.8,0.52,0.02,0.44,9.8,1.9,4.9,14.9,25.8,106,107,0
24.5,16.5,55.5,0.7,0.7,2.8,0.48,0.41,0.8,0.59,0.37,0.42,8.9,1.1,1.7,11.7,16.6,122,112,0
24,0,1,0,0,1,0.33,0.3,0.75,0.33,0,0,0,0,0,25,12,66,114,0
21.5,1.5,38,0.4,0.2,1,0.43,0.4,0.77,0.49,0.36,0.27,10.1,1.1,0.9,7.5,24.5,96,116,0
24,0,11.5,0.4,0.3,1.4,0.4,0.75,0.67,0.49,0.19,0.33,2.2,2.8,3.9,22.8,15.3,78,108,0
24,0,24,0.3,0.5,2.7,0.54,0,0.59,0.56,0.02,0.51,5.7,0.9,2.6,14.5,15.6,110,116,0
20,5,50,0.5,0.2,1.5,0.54,0.29,0.74,0.51,0.24,0.46,17.2,1.9,1.6,18.7,23.4,95,111,0
27.33333333,0.333333333,6.333333333,0.2,0.5,1,0.86,0.3,0.75,0.77,0,0.57,13.5,0.7,3.5,33.3,12.7,143,113,0
21.5,0,23.5,0.6,0,1,0.48,0.42,1,0.52,0.12,0.22,28.1,2.1,0.3,25.6,25.1,102,111,0
22.5,1,29.5,0.7,0.3,1.8,0.58,0.3,0.8,0.6,0,0.21,2.9,2.1,1.7,14.8,14.1,120,109,0
27,7,46.33333333,0.2,0.4,2.3,0.57,0.3,0.91,0.62,0.03,0.33,9.9,0.7,3.1,21,19.2,116,105,0
24,75,82,0.6,0.4,2.7,0.49,0.43,0.74,0.58,0.43,0.17,9.3,1,1,10.5,14,114,111,0
22,8,60.66666667,0.5,0.5,2.3,0.54,0.4,0.82,0.55,0.37,0.23,9.2,2,2.8,14,21.9,106,110,0
21,11.66666667,68.66666667,0.7,0.2,2,0.45,0.36,0.68,0.48,0.26,0.37,18.7,1.8,0.7,14.5,21.3,100,114,0
21,26,48.33333333,1.3,0.4,2.6,0.51,0.41,0.8,0.56,0.26,0.19,11.9,3,1,18.1,26.1,100,105,0
23.5,0,12.5,0.3,0.3,1.9,0.8,0.33,0.77,0.61,0.57,0.24,7,1.2,1.7,7.2,12,117,113,0
23.5,0,7.5,0.3,0,0.6,0.55,0.43,1,0.61,0.39,0.11,6.1,2.1,0,13.7,20.6,111,115,0
21.25,44.25,70.25,1.2,1.3,2.5,0.59,0.2,0.74,0.62,0.03,0.53,23.6,1.8,3.8,17.5,20.8,120,106,1
21,0,3,0,0,0.3,0,0,0.75,0,0.33,0,0,0,0,25,18.9,0,111,0
25,0,28,0.3,0.1,0.8,0.41,0.26,0.78,0.5,0.51,0.6,16.1,1.9,0.7,24,17.1,92,102,0
21,63.33333333,77.33333333,0.9,0.2,2.7,0.51,0.36,0.81,0.55,0.47,0.23,8.4,1.7,0.7,16.5,17.6,104,112,0
22,0,2,0,0,2,0.5,0.3,0.75,0.53,0,0,13.1,0,0,0,0,222,113,0
22.2,69.4,69.4,2.1,0.9,3.2,0.59,0.33,0.63,0.61,0.01,0.46,37.4,2.9,2.1,20.6,22.3,116,108,1
22.5,4,30,0.9,0.2,1.7,0.43,0.38,0.59,0.47,0.06,0.39,26.8,2.5,1.4,15,20.5,103,111,0
28,4.333333333,30.66666667,0.3,0.9,1.4,0.53,0.3,0.87,0.59,0.04,0.85,3.4,1.3,7.7,26.4,13.9,125,106,0
24,0,4,0.3,0.3,0.8,0.58,0,1,0.45,0.3,0.15,18,0.8,1.3,6.5,20.9,97,118,0
20,38.33333333,73.33333333,0.4,1.8,2.4,0.61,0.3,0.52,0.61,0,0.62,3.1,0.7,6.3,17.9,13.1,115,109,0
27,0,4,0,0,1,0.4,0.22,0.75,0.36,0.64,0,5.2,0,0,26.3,28.4,57,113,0
23.33333333,75.33333333,75.33333333,1.2,0.7,3.3,0.56,0.4,0.75,0.58,0.39,0.51,27.1,2,1.7,13.8,30.2,114,110,0
28,1.666666667,42.66666667,0.3,0.4,1.3,0.6,0.3,0.81,0.66,0,0.66,11.2,1.5,3.5,15.9,29.4,130,104,0
28.5,0,35,0.3,0,0.9,0.45,0.4,1,0.51,0.58,0.06,27.5,1.5,0.1,15.9,25.4,105,116,0
21,7,66.33333333,0.7,0.4,1.8,0.54,0.36,0.77,0.55,0.28,0.19,13.2,1.5,1.5,10.5,26,110,110,0
26,30,67,1,0.3,2.2,0.54,0.39,0.84,0.56,0.6,0.19,19.3,1.7,0.9,13.2,22.3,108,113,0
26,40.33333333,79.33333333,0.4,0.1,1.8,0.53,0.38,0.89,0.59,0.46,0.29,8.7,0.9,0.4,12.5,22.4,108,115,0
23,2,8,0.6,0.1,0.4,0.44,0.24,0.89,0.45,0.54,0.23,4,2.4,0.9,6.5,19.6,100,103,0
29.5,0.5,49.5,0.8,0.2,1.9,0.52,0.41,0.93,0.6,0.37,0.37,22.5,2.1,0.9,15.9,17.1,118,110,0
21.8,68.4,71.2,1.5,0.7,2.8,0.55,0.41,0.81,0.58,0.37,0.28,24.1,1.9,1.6,11.7,28.4,113,114,1
23,2,37,0.3,0.5,0.9,0.51,0.3,0.68,0.54,0,0.27,5.1,1.5,3.4,9.7,17.2,110,108,0
22,0,6,0,0.2,0.3,0.4,0.3,1,0.46,0,0.2,0,0,2.7,0,8.5,113,110,0
23,3,50,0.5,0.8,1.6,0.65,0.4,0.79,0.67,0.13,0.23,10.1,1.1,3.3,9.3,19,129,109,0
22.5,3,39,0.7,0.3,2.2,0.46,0.24,0.65,0.48,0.25,0.41,12.4,2.1,1.3,18.8,18.9,94,110,0
23.5,0.5,25,0.4,0.1,1.3,0.49,0.33,0.93,0.51,0.46,0.48,32.1,1.3,0.8,12.5,23.1,103,117,0
20.5,51.75,61.5,1,0.7,2.9,0.52,0.39,0.86,0.59,0.35,0.4,19.8,1.3,1.8,14.4,28.2,112,115,1
21,69.66666667,70.33333333,1.6,0.3,2.3,0.46,0.37,0.82,0.51,0.35,0.27,29.6,2.3,0.8,13,26.1,106,107,0
21,68,71,1,0.2,2.3,0.47,0.38,0.8,0.52,0.37,0.3,26.6,1.5,0.6,17.3,26.8,104,114,0
26,2,64,0.4,0.1,0.9,0.55,0.28,0.51,0.5,0.43,0.34,9,2.2,1,16.6,13.6,94,105,0
25,65,65,0.9,0.2,2.1,0.51,0.33,0.78,0.57,0.21,0.42,23.1,1.4,0.5,9.5,26.7,117,109,1
24.5,42.5,74.5,0.7,0.8,1.9,0.43,0.42,0.76,0.54,0.43,0.21,6.9,1.2,1.9,11.1,15.9,104,108,0
21,2,14,0.6,0.2,1.4,0.55,0.38,0.67,0.57,0.48,0.1,6.8,1.8,1.2,16.1,15.2,98,115,0
21,1,5,0,0.2,0.4,0.29,0,0.75,0.22,0.22,0,0,0,3,10,15.2,50,109,0
28,19,74,0.6,0.1,1.8,0.45,0.39,0.94,0.53,0.43,0.23,28.2,1.5,0.4,12.9,21.6,109,114,0
24,1.333333333,15,1.3,0.4,1.7,0.48,0.36,0.8,0.53,0.26,0.27,18.6,3.8,1.9,24,16.3,100,107,0
22.5,0,10.5,0.7,0.3,0.7,0.49,0.3,0.75,0.49,0.02,0.12,18.6,11.1,9.1,12.5,39.8,96,99,0
22.33333333,79.33333333,79.33333333,0.7,2.1,3.1,0.52,0,0.82,0.57,0,0.45,11.8,1,5.2,13.1,28.6,114,110,1
22.5,49.5,66,1.1,0.5,2.8,0.47,0.34,0.75,0.52,0.3,0.27,20.4,1.9,2.1,16.7,16,106,112,0
20,0.333333333,7.666666667,0.3,0.2,0.4,0.4,0.67,0.75,0.44,0.58,0,15.1,2.5,3.5,25,31.5,103,113,0
21,13,56,0.3,0.3,1.9,0.61,0.14,0.57,0.54,0.19,0.26,9.9,1.2,2,15.9,15.3,107,114,0
22.5,0,11.5,0.4,0,0.4,0.57,0.35,0.83,0.52,0.3,0.26,17,3.7,0,33.3,25.6,102,109,0
23,11,14,0.7,0.1,1.2,0.43,0.38,0.52,0.51,0.46,0.3,7.7,1.8,0.6,12.3,14.1,99,110,0
24,31,66,0.5,0,1.9,0.49,0.43,0.89,0.59,0.54,0.15,11.7,1,0.1,9.8,17.9,113,114,0
25,49.66666667,81.33333333,1.1,0.4,2.5,0.49,0.43,0.89,0.59,0.49,0.14,12.8,2.1,1.1,11.3,25.1,113,114,0
21,8.333333333,30.33333333,0.3,0.8,2.1,0.44,0.3,0.82,0.47,0.09,0.5,7.5,1.9,2.6,19,22.5,94,110,0
25,15,65,1.6,0.1,1.9,0.53,0.31,0.77,0.56,0.28,0.31,14.3,2.8,0.3,10.3,16,112,112,0
25,0,22,0.4,0.1,0.7,0.47,0.39,1,0.53,0.5,0.18,15.5,3,0.9,20.5,21.8,103,114,0
27.5,8.5,26.5,0.8,0.3,1.7,0.63,0.31,0.81,0.55,0.46,0.08,12.9,2.2,1.5,12.4,13.7,107,115,0
23,27.66666667,60,1.2,0.3,2.3,0.46,0.42,0.83,0.54,0.45,0.2,21.6,2.3,0.6,15.4,27.1,108,110,0
24,1,18,0.7,0.4,1.8,0.36,0.54,0.81,0.6,0.44,0.25,11.1,1.9,2,13.9,15,113,113,0
21,1.333333333,25,0.3,0.3,2.3,0.62,0.14,0.67,0.6,0.13,0.36,14,1.6,2.1,40.4,20,94,112,0
20,34,58,1.1,0.5,2.3,0.43,0.33,0.8,0.5,0.45,0.23,8,1.9,1.5,13.6,18.9,95,115,0
24.5,1.5,18,0.1,0.2,1.1,0.34,0.3,0.88,0.39,0.13,0.36,8.7,1.6,2.1,15.6,20.3,86,108,0
23,1,49,0.6,0.3,1.5,0.47,0.4,0.76,0.58,0.71,0.14,7.4,1.4,1.4,7.7,16,114,113,0
22,5,37.66666667,1,0.4,1.8,0.47,0.39,0.79,0.5,0.45,0.09,29.9,2.6,1.4,14,20.9,104,111,0
23,0,19,0.3,0.1,1.4,0.44,0.41,0.89,0.58,0.65,0.12,6.8,1.1,0.7,5.7,14.1,118,116,0
23,20.33333333,56,1.2,0.4,2.2,0.57,0.35,0.72,0.56,0.48,0.26,26,2.1,1,15.8,24,107,111,0
26,29,80,0.7,0.8,2.9,0.54,0.33,0.81,0.6,0,0.46,4.6,1.1,1.9,10.8,22.5,117,110,0
29,0,15,0.5,0,0.7,0.35,0.27,0.33,0.37,0.43,0.09,29.4,3.7,0,16.2,17.2,86,104,0
28.5,66.375,66.375,1.3,0.7,3.3,0.48,0.4,0.85,0.56,0.3,0.41,21.9,1.7,1.5,10.8,35.6,113,113,1
23,0,7,0,0,0.6,0.56,0.4,0.75,0.6,0.36,0.29,18.2,0,0,20.2,23.2,104,112,0
21,0,35,0.3,0.1,0.9,0.36,0.31,0.85,0.45,0.6,0.12,9.5,1.5,0.9,11.2,18.1,92,109,0
25.5,1.5,35,0.6,0.1,2.7,0.39,0.39,0.8,0.52,0.54,0.22,6.2,1.7,0.8,11.3,18.8,109,113,0
24,0,9,0.9,0,1.2,0.52,0.33,0.83,0.54,0.5,0.14,13.7,3.3,0,10.1,18.1,105,109,0
23,50.66666667,67.33333333,0.8,0.2,2.6,0.59,0.38,0.78,0.58,0.53,0.25,12.1,1.6,0.7,13.4,18.6,108,118,0
23,0,12,0.3,0.2,0.6,0.36,0.17,0.58,0.4,0.3,0.6,27.1,2.1,1.9,30.3,22.4,76,107,0
22.5,12,36,1,0.3,1.7,0.52,0.32,0.61,0.52,0.24,0.45,7.4,2.5,1.3,11.4,19.1,101,114,0
24,69,71,1.2,0.5,2.3,0.56,0.39,0.74,0.58,0.42,0.22,17.3,2.1,1.2,12.7,19.3,114,108,0
23,0,13,0.1,0,0,0.17,0.13,0.5,0.2,0.57,0.14,3.2,1.3,0,6.3,18.1,45,113,0
22.5,14.5,55,0.6,0.1,1.7,0.47,0.5,0.87,0.48,0.07,0.18,29.9,1.9,0.5,16.3,19,100,112,0
22,0,10,0.2,0.2,0.3,0.3,0.33,1,0.47,0.47,0.26,7.3,2.3,4.2,12.4,25.1,93,114,0
22,11.66666667,70,0.5,0.2,1.5,0.5,0.4,0.86,0.56,0.47,0.21,11.5,1.2,0.7,9.9,19.9,111,110,0
24.66666667,0.666666667,26,0.7,0.1,1.9,0.47,0.4,0.95,0.59,0.53,1.5,17.5,2.4,0.5,15,19.7,115,117,0
33,73,73,1.1,0.1,2.1,0.44,0.39,0.91,0.6,0.42,0.53,26.1,1.7,0.3,13,24.3,120,110,1
21,0.333333333,44.33333333,0.5,0.5,1.8,0.63,0.3,0.76,0.64,0.02,0.38,5.1,1.5,3,14,20.5,119,108,0
21.5,0,22.5,0.2,0.3,0.5,0.59,0,0.77,0.6,0.03,0.29,13.9,2,4.8,18.6,25.9,117,112,0
20.5,0.5,3,0.6,0.2,4,0.71,0.3,1,0.8,0,0.57,7.8,2.8,1.6,37.5,16.1,119,111,0
23,0,14,0.4,0,0.9,0.67,0.22,0.75,0.37,0.9,0,3.3,2.3,0,9.1,11.1,82,108,0
28,64.85714286,64.85714286,1,1.4,2.4,0.57,0.38,0.82,0.6,0.29,0.51,12.1,1.7,3.4,11.2,28.7,117,111,1
26,0,28,0.4,1,1.9,0.57,0.32,0.87,0.57,1,0.4,4.7,1.8,12.2,7.8,43.9,122,101,0
23.5,0,14,0.7,0.1,1.1,0.37,0.44,1,0.53,0.63,0.03,26.7,2.8,2.6,17.5,16.2,107,112,0
22,0,29,0.2,0.2,0.7,0.56,0.35,0.86,0.55,0.75,0.06,13.5,1.1,1.7,11.6,24,104,113,0
29,8.333333333,49,0.3,0.2,1.9,0.58,0.42,0.76,0.62,0.68,0.22,12.6,1,2,15.2,25.3,116,109,0
23.5,25,55.5,0.8,0.3,1.7,0.46,0.33,0.85,0.52,0.17,0.33,9.8,1.8,1.2,13.1,19.6,102,112,0
25,9,60,0.2,0.6,2.2,0.51,0,0.75,0.55,0.02,0.32,6.7,0.8,3.2,10.8,15.2,111,112,0
24.5,0.5,24.66666667,0.9,0.9,1.6,0.71,0.34,0.88,0.65,0.72,0.95,6,2.6,7.6,25.1,17.1,119,109,0
27,76,76,0.5,1.2,2.8,0.49,0,0.75,0.53,0.01,0.26,8.6,0.7,2.7,14.3,27.1,99,109,1
21,1.333333333,19.66666667,1.2,0.5,1.6,0.6,0.38,0.64,0.53,0.31,0.33,7.1,3.9,4.9,11.2,24.6,107,112,0
27.875,67,67,2.5,0.2,2.6,0.56,0.41,0.9,0.61,0.35,0.41,52.7,3.8,0.4,13.9,27.1,127,109,1
25,0,18,0.4,0.2,2.8,0.52,0.3,0.64,0.55,0,0.38,4.4,1.8,1.4,29.3,9.6,96,103,0
23,0,41,0.2,0.4,2,0.64,0,0.69,0.66,0.03,0.71,10.2,1.4,5.8,25.5,17.5,120,106,0
23,20.66666667,49.33333333,1.1,0.5,2.7,0.42,0.37,0.72,0.48,0.41,0.37,6.3,2.5,2.1,17.9,17.2,97,105,0
26,0,2,0,0,0,0.5,0.3,0.75,0.53,0,0,0,0,0,0,0,105,119,0
23.66666667,0.333333333,11.66666667,0.9,0.6,2.1,0.62,0.3,0.77,0.6,0.03,0.69,6.9,2.9,5.4,33.3,34.2,120,116,0
21.5,9,25.5,0.8,0.7,1.8,0.49,0.33,0.64,0.48,0.3,0.32,7.5,1.9,3.7,12.9,17.5,90,111,0
21.33333333,0.666666667,17,0.3,0.5,0.8,0.67,0.36,0.73,0.61,0.22,0.65,4.8,1.7,4.9,19.1,26.1,114,107,0
23.5,4.5,28,0.6,0.3,1.5,0.42,0.27,0.75,0.45,0.39,0.22,9.1,2,1.5,17.7,19.6,87,110,0
20,0,8,0.1,0.3,0.1,0.5,0.3,0.75,0.5,0,0,0,1.4,4.4,9.1,13.3,100,107,0
21,31.33333333,51.33333333,0.8,1.2,2.8,0.64,0.3,0.53,0.64,0,0.79,6.7,2,7.8,12,21.3,122,106,0
26,1,7,0.4,0.1,2,0.43,0.18,0.67,0.4,0.34,0.19,17.9,1.3,0.6,22.4,17,82,113,0
19,1,65,0.8,0.1,1.8,0.43,0.35,0.79,0.51,0.48,0.16,16.5,1.4,0.3,11.4,24.4,100,112,0
24,3,48,0.8,0.2,1.6,0.55,0.23,0.65,0.51,0.37,0.31,15.7,2.2,0.9,15.7,13.6,104,112,0
22,36,72.33333333,0.8,0.9,2.8,0.54,1,0.77,0.59,0.02,0.53,10.9,1.6,2.9,15,18.9,119,102,0
23,0,29.66666667,0.3,0.6,1.7,0.55,0.3,0.93,0.59,0,0.33,4,2.4,6.7,32.3,14.9,113,105,0
20.5,68.5,73.5,1,0.1,2.3,0.5,0.4,0.85,0.56,0.25,0.25,15.3,1.5,0.3,12.3,27.2,108,121,0
23,82,82,1.4,0.4,2.7,0.46,0.35,0.65,0.5,0.25,0.27,12.5,2.4,0.9,13.4,21.5,98,111,0
22.5,0,22,0.5,0.2,1.1,0.36,0.2,0.7,0.4,0.26,0.38,29.8,4.9,1.1,17.3,28.3,90,114,0
24.5,0.5,29,0.2,0.4,1.2,0.48,0.13,0.67,0.48,0.09,0.32,4.8,1,3.2,9.5,21,105,110,0
21,9.666666667,41.66666667,0.5,0.2,1.2,0.51,0.32,0.86,0.56,0.21,0.36,20.2,2,1.1,15,16.9,115,106,0
23,0,3,0,0,0,0,1,0.75,0.75,0.5,0,0,0,0,20,35.5,96,108,0
23,0,10,0.3,0,0.5,0.42,0.23,0.67,0.45,0.41,0.47,16.1,1.7,0,20.6,23.4,89,108,0
24.5,33.5,76,1.3,0.3,1.8,0.48,0.41,0.87,0.53,0.3,0.21,9,2.1,0.7,9.8,17.9,108,111,0
23.5,0.5,8.5,0.3,0.1,1,0.36,0.33,0.75,0.33,0.31,0.06,13.5,1.6,0.9,10.6,22.3,77,108,0
24,6.666666667,50.66666667,0.4,0.4,1.9,0.6,0.3,0.71,0.61,0.06,0.49,12.1,1.2,3,17.7,13.7,126,113,0
20.5,56,68,1.4,0.4,2.1,0.48,0.37,0.78,0.53,0.44,0.22,41.3,2.3,1,16.8,31.9,107,113,1
22.5,42,81,0.7,0.1,1.9,0.46,0.39,0.91,0.54,0.41,0.31,31.1,1.6,0.3,13.1,21.2,112,112,0
22,0,2,1,0,3.5,0.38,0.5,0,0.47,0.33,0.17,8.2,1.8,0,18.9,12.1,85,110,0
25.5,0,2,1,0,0,0.5,0.3,1,0.5,0,0.14,0,7.1,0,33.3,22.4,106,111,0
23.5,0,29.5,0.4,0.4,1.6,0.61,0.3,0.9,0.65,0.01,0.29,7.4,2.5,2.3,6.2,21.3,133,107,0
22,1,33.66666667,0.4,0.4,1.8,0.64,0.4,0.67,0.62,0.55,0.19,10.3,2.1,1.9,19.2,17.7,106,111,0
23,2.333333333,27,0.5,0.2,2.1,0.47,0.43,0.78,0.49,0.32,0.29,8.1,1.8,1.5,14.3,21.3,100,116,0
22,0,6,0.2,0,0.5,0.67,0.25,0.75,0.5,0.57,0,7.8,2.6,0,0,16.1,114,114,0
22,3,45,0.3,0.2,1.1,0.32,0.32,0.84,0.42,0.5,0.1,9.8,1.1,1.2,8.3,19.6,90,107,0
29,0,12,0.1,0,0.6,0.15,0.29,0.75,0.36,0.72,0,7.2,0.3,0,4.1,12,86,120,0
22,6,31,0.2,0.3,0.9,0.56,0.3,0.55,0.58,0,0.51,7.2,1.8,4.5,5.9,13.5,128,106,0
22,7.333333333,16.33333333,0.5,1,2.6,0.72,0.3,0.65,0.72,0,0.63,8.7,1.4,5.1,22.7,13.9,137,111,0
25,77.625,77.625,1.2,0.4,2.4,0.52,0.39,0.92,0.62,0.49,0.38,34.1,1.7,1,14.5,30.6,125,116,1
20,1,20,0.3,0.2,0.6,0.42,0.23,0.88,0.44,0.35,0.22,9,2,1.6,21.4,14.9,81,107,0
24,5.333333333,11.33333333,1,1,2.4,0.5,0.3,0.75,0.53,0.03,0.34,8.1,2.2,3.2,23,19.1,105,108,0
26,15.66666667,32,1.3,0.1,2.4,0.51,0.4,0.87,0.58,0.54,0.25,14.4,2.3,0.4,10.6,19.3,112,114,0
29,0.666666667,48.66666667,0.3,0.1,1.2,0.67,0.41,1,0.59,0.81,0.13,9.2,1.9,0.4,16.6,13.8,105,116,0
24,14,55,0.8,0.1,1.8,0.54,0.37,0.75,0.53,0.56,0.14,10.4,1.4,0.5,9,17.3,109,116,0
21,7,43,0.3,1.3,2.3,0.7,0.3,0.53,0.69,0,0.45,5.2,1,8.7,15.3,13.3,124,109,0
22.5,1.5,12.5,0.3,0.1,1,0.5,0.4,0.75,0.55,0.46,0.1,44.2,1.8,0.4,20.3,19.9,118,114,0
23,0,19,0.1,0,0.9,0.44,0.3,0,0.43,0,0.07,5.8,1.3,0,9.7,18,91,108,0
22,2,17,0.5,0.7,1.9,0.59,0.3,0.77,0.55,0.03,0.83,8.5,2.3,5.1,23,16.4,112,107,0
26,20.66666667,62.33333333,0.6,1.3,3.5,0.63,0.39,0.76,0.63,0.25,0.35,10.5,1.6,5,17.2,15.8,130,107,0
21.5,67,71.5,0.9,0.7,2.4,0.47,0.38,0.86,0.6,0.53,0.61,7.6,1.4,1.6,9.4,19.3,120,112,0
23,12.66666667,31.33333333,0.9,0.7,1.6,0.63,0.44,0.79,0.59,0.56,0.21,8.3,2.7,2.2,12.5,20,112,107,0
23,8.333333333,68.33333333,0.7,0.6,2.3,0.52,0.08,0.73,0.54,0.03,0.25,5.2,2,2.5,9.3,16.8,115,107,0
20.66666667,22.33333333,54,0.6,0.2,2.2,0.54,0.31,0.81,0.57,0.64,0.36,29.7,1.7,1.1,21.5,23.1,110,109,0
24,5.333333333,21,0.5,0.3,2.1,0.6,0.42,0.81,0.65,0.71,0.28,9.4,1.1,1.2,11,16.2,123,114,0
24,0,5,0,0,0.2,0.29,0,0.75,0.15,0.46,0,20.9,0,0,13.3,16.9,50,112,0
23,50,80,0.7,0.4,2.2,0.5,0.39,0.88,0.58,0.46,0.24,14.3,1.3,1.1,15.2,24.6,113,114,0
19,8,53,0.4,0.7,0.8,0.45,0.3,0.68,0.48,0.44,0.2,4.3,1.1,3.3,13.8,14.1,90,108,0
20,59,59,0.7,0.1,1.6,0.43,0.36,0.88,0.5,0.42,0.1,18.5,1.1,0.2,17.1,20.7,96,119,0
23.5,0,3.5,0.3,0,1,0,0,0.75,0,0.43,0.29,21.7,3.2,0,20.2,29.7,35,107,0
23,3.333333333,34,0.5,0.2,2,0.54,0.39,1,0.53,0.52,0.22,9.3,1.7,1.4,17.1,12.8,110,113,0
22,5.666666667,31.33333333,0.5,0,1.2,0.47,0.44,0.67,0.5,0.4,0.27,21.5,2.1,0.2,29.2,18.6,96,111,0
24.5,1,43.5,0.2,0.1,1,0.5,0.27,0.67,0.52,0.13,0.31,4.6,1.2,2.5,28.5,18,107,111,0
21.5,5,56,0.7,0.8,2.9,0.5,0,0.81,0.53,0.01,0.22,5.4,1.7,3.2,12.1,21.6,106,108,0
23,57.33333333,71.66666667,1.1,0.2,1.7,0.49,0.4,0.87,0.55,0.18,0.29,32.9,1.9,0.6,18.9,23.1,108,112,0
23,1,30.33333333,0.3,0.1,1,0.44,0.38,0.86,0.51,0.38,0.37,15.3,1.5,0.4,16.8,19.3,103,110,0
27,0,5,1,0.8,2.8,0.5,0.3,0.5,0.53,0,1.29,4.7,2.8,3.4,26.7,14.4,90,99,0
23.5,0,6,0.1,0,1,0.31,0.5,0.75,0.5,0.67,0.26,11.2,0.5,0,40,17.2,92,118,0
29.5,0,51.5,0.2,0.2,1.9,0.49,0.35,0.69,0.51,0.23,0.2,8.1,0.9,2,14.4,20.2,103,108,0
27.5,80,80,1,0.5,3.2,0.55,0,0.81,0.58,0.01,0.28,17.5,1.4,1,13.7,23.8,116,108,1
25,12.33333333,47,0.8,0.4,2.3,0.61,0.35,0.68,0.61,0.29,0.48,9.4,1.8,1.6,13.1,15.6,121,116,0
24.5,0,3,0.7,0,1,0.5,0.67,1,1.05,1,1.33,39.1,3.1,0,31.6,28.8,162,113,0
24,0,2,0,0,0.5,0,0,0.75,0,0.5,0,18.8,0,0,0,12.6,78,117,0
22.5,0.5,15.5,0.5,0.1,0.8,0.38,0.5,0.75,0.5,0.5,0.16,8.5,2,0.7,11,16,107,112,0
21,61.33333333,66.33333333,1.6,0.6,2.9,0.52,0.37,0.73,0.56,0.22,0.44,35.4,2.4,1.5,16.4,29.6,110,113,0
22,62,63,0.7,0.3,2.9,0.45,0.36,0.76,0.52,0.45,0.21,8,1,0.7,12.1,17.5,100,117,0
20.5,19.5,51,1.4,0.5,2.3,0.47,0.32,0.82,0.53,0.37,0.3,22.3,3.3,1.9,21.8,19.6,105,112,0
23.66666667,53,77,0.6,1.8,3.2,0.72,0,0.48,0.67,0.01,0.74,5.7,1,5.4,20.3,15.3,129,107,1
24,0.333333333,19,0.5,0.1,0.8,1,0.37,0.75,1,0.4,0.76,7.2,3.2,0.8,23.1,47.8,205,116,0
23,6.333333333,48.66666667,1.3,0.5,2.3,0.58,0.37,0.64,0.51,0.28,0.26,15.9,2.5,2.3,24.8,18.2,97,112,0
21,50,75.66666667,1.2,0.5,2.7,0.56,0,0.66,0.56,0,0.33,9.2,2.8,1.9,16.5,21.7,108,102,0
24,74.42857143,76.14285714,1.1,0.4,2.6,0.51,0.34,0.85,0.56,0.2,0.47,25,1.5,0.8,10.5,34.3,114,115,1
23.57142857,63.14285714,66.28571429,1.6,1.7,4.1,0.53,0.36,0.78,0.58,0.34,0.51,25.8,2.4,4,18.9,36.5,107,106,1
24,3.333333333,35.66666667,0.5,0.1,1.5,0.42,0.37,1,0.48,0.18,0.24,10.7,1.8,1.6,8.9,15.9,106,110,0
22,17,63,0.3,0.3,0.9,0.47,0.26,0.67,0.49,0.16,0.23,3,1.2,2.1,11.1,15.3,93,110,0
25,0,7,0.3,0,0.6,0.5,0,0.5,0.32,0.4,0.2,37.1,4.5,0,15.5,25,84,104,0
23,0,12,0.2,0.3,0.7,0.78,0.5,0,0.74,0.31,0.08,4,1.4,4.8,18.2,9.9,122,111,0
20.5,47.5,50.5,0.9,1.7,3.2,0.59,0,0.77,0.61,0.01,0.22,9.7,1.3,4.5,12.4,24.3,117,113,0
21.33333333,35.33333333,59,1.7,0.4,2.2,0.49,0.39,0.8,0.54,0.2,0.26,23.7,3.3,1.5,22.7,23.5,107,109,0
24,1.666666667,41,1,0.5,1.2,0.52,0.39,0.83,0.57,0.35,0.47,22.5,3.1,2.1,15.1,22.1,116,107,0
23,0,8.666666667,0.3,0.1,0.7,0.67,1,1,0.75,0.4,1.5,28.2,3.1,1.1,34.6,19.1,167,114,0
21,3,19,0.1,0.2,0.7,0.39,0.26,1,0.42,0.64,0.11,3.4,0.3,1.8,13.7,9.9,85,121,0
23,0,8,0,0,0.1,0.33,0,0.75,0.43,0.25,1,0,0,0,14.8,14.1,94,114,0
21,5.333333333,68.66666667,0.9,0.1,1.7,0.47,0.35,0.83,0.52,0.31,0.27,36.1,2.1,0.4,22.8,28.8,101,110,0
21,40.66666667,52,1.3,0.4,2.4,0.48,0.32,0.69,0.5,0.33,0.25,29.5,2.5,1.4,19.8,28.9,96,112,0
24.33333333,14,56.66666667,0.8,0.2,2.4,0.51,0.39,0.78,0.53,0.72,0.07,17.8,2.6,1.2,14.2,23.3,104,111,0
25.5,0,33,0.2,0.3,1,0.49,0.3,0.67,0.47,0.44,0.15,5.6,1.2,3,11.3,19.3,94,110,0
26,65.33333333,65.33333333,1.3,0.4,2.9,0.5,0.37,0.85,0.57,0.36,0.42,46.6,1.8,0.8,16.9,30.1,116,112,1
23,6,57,0.7,0.2,1.5,0.57,0.5,0.67,0.59,0.08,0.49,9.5,2.1,1.5,18.2,17.2,110,111,0
27,0,2,1,0,1,0.6,0,1,0.39,0.55,0.36,3.7,2.8,0,0,15.7,113,102,0
22,0,41,0.1,0.2,1.1,0.49,0.3,0.74,0.53,0,0.35,5.1,1,3.5,20,20.2,98,105,0
20,14.66666667,73.33333333,0.9,1.7,3.2,0.52,0.3,0.69,0.54,0.01,0.46,6.8,2,5.7,16.3,20.7,108,108,0
20,10,37.33333333,0.8,0.7,2.1,0.59,0.31,0.71,0.6,0.34,0.45,5.1,1.9,4.4,10.2,15.6,124,115,0
21.8,71.4,71.4,1,0.7,1.7,0.5,0.33,0.86,0.55,0.25,0.35,40.3,1.5,1.4,13.1,32.2,113,109,1
23,0.5,21,0.4,0.2,0.8,0.53,0.42,1,0.62,0.68,0.24,14.6,2.4,1.7,10.4,9.1,131,112,0
24,22.66666667,48.33333333,1,0.9,2.2,0.53,0.62,0.86,0.65,0.39,0.61,21,1.9,3.3,14,18.2,123,114,0
21,28.66666667,74,0.6,0.5,1.6,0.47,0.33,0.72,0.52,0.28,0.54,4.7,1.3,1.6,11.7,23.5,105,109,0
20.75,61.25,67.5,0.9,0.3,3.1,0.54,0.38,0.92,0.62,0.36,0.4,30.2,1.3,0.8,15.7,31.7,114,116,1
22,5,21,0.5,0.3,1.2,0.46,0.4,0.79,0.51,0.3,0.45,7.8,1.8,3.2,14.7,25.9,109,108,0
22.5,0,4,1,0.9,2,0.63,0.3,0.75,0.62,0.06,0.44,9.5,3.8,5.3,5,17.9,127,110,0
24,0,5,0,0,0.2,0.33,0,0.75,0.37,0.4,0.8,19.1,0,0,12.9,17.1,86,117,0
23.5,28,54.5,1,0.2,1.8,0.42,0.37,0.82,0.54,0.61,0.24,35.3,1.7,0.6,14.5,24.8,109,116,0
22.5,3.5,22,0.6,0.1,0.9,0.46,0.25,0.42,0.37,0.5,0.36,11.5,2.6,0.8,15,15.7,81,107,0
23,0,4,0.3,0,1.5,0.25,0,1,0.34,0.2,0.4,0,4.3,0,14.5,26.8,80,90,0
25,13.66666667,49.33333333,0.4,0.8,2.4,0.57,0.3,0.75,0.61,0.01,0.43,2.7,1.6,5.4,21.1,15.2,117,105,0
23,2,16,0.2,0.2,2.1,0.47,0.3,0.75,0.5,0,0.3,4.9,1.4,2.2,40,22.4,100,106,0
21,2,35.66666667,0.3,0.6,2,0.71,0.3,0.67,0.68,0.05,0.46,7.1,1.2,6.8,12.7,15.3,136,112,0
19,0,7,0,0.1,0.7,0.23,0.3,1,0.34,0,0.31,0,0,3.4,11.9,31.3,69,108,0
24.5,0,45,0.6,0.1,1.1,0.39,0.38,0.83,0.46,0.36,0.2,31.3,3.4,0.4,23.1,20.7,87,113,0
23,46.33333333,55,0.9,0.4,3.8,0.48,0.38,0.81,0.53,0.39,0.25,10,1.6,1.2,12.8,25,100,113,0
22,31.66666667,70.33333333,1.1,0.3,2.2,0.46,0.37,0.75,0.51,0.26,0.26,18.4,2.1,0.8,12.3,26.9,99,111,0
27,0,31,0.1,0.1,0.6,0.42,0.29,0.75,0.49,0.5,0.39,5.8,0.5,1.1,7.6,17.4,109,110,0
34.5,65.33333333,70.66666667,0.9,1,2.6,0.54,0.42,0.92,0.61,0.55,0.39,14.2,1.4,2,9.1,29.2,120,111,1
21.5,38,72.75,0.8,0.5,3.2,0.59,0.53,0.75,0.63,0.33,0.42,21.7,1.3,1.6,16.2,23.5,118,108,1
24,2,51,0.1,0.1,0.7,0.37,0.3,0,0.35,0,0.14,5.1,0.8,1,23.6,10.6,75,109,0
23,1.333333333,26.66666667,0.5,0.2,1,0.43,0.13,0.82,0.49,0.11,0.51,36.2,2.1,1.7,23.9,23,93,108,0
25,4,34.66666667,0.4,0.1,1.1,0.45,0.37,0.8,0.46,0.36,0.32,26.5,1.3,0.3,18.8,17.6,99,113,0
23,26.33333333,59,0.8,0.5,2.9,0.56,0.37,0.63,0.55,0.39,0.32,10.8,1.4,1.6,13.7,22.1,107,109,0
22.25,68.5,70.5,1.5,0.4,2.7,0.5,0.36,0.86,0.56,0.4,0.26,21.2,2.2,0.9,12.6,31.6,110,111,1
22,0,4,0.3,0.3,2.3,0.25,0.3,0.67,0.45,0,1.5,5.3,1,1.7,23.1,7.9,111,112,0
22.5,11,43,1.4,0.3,1.6,0.68,0.34,0.77,0.57,0.67,0.17,13.3,2.7,1.2,12.9,16.9,112,107,0
23,0,3,0,0,0,0.5,0,0.75,0,1,0,0,0,0,0,40.7,0,116,0
21.5,35.5,72.5,0.5,0.7,2,0.48,0.38,0.66,0.53,0.4,0.25,6.8,1.6,2.4,13.1,19.2,101,110,0
24,24.66666667,61,0.9,0.4,2.3,0.54,0.31,0.75,0.53,0.57,0.2,8.4,1.7,1.5,14.1,15.1,109,111,0
21.5,0,50,0.3,0,1.1,0.39,0.4,0.81,0.54,0.56,0.23,9.3,1.2,0.1,13.3,15.7,104,113,0
24,3,61,0.2,0.1,1.6,0.5,0.43,0.86,0.56,0.42,0.17,5.9,0.6,0.3,13,18.3,112,112,0
20,21.33333333,57,0.4,0.6,2,0.69,0.37,0.77,0.52,0.67,0.27,9.4,1,3.1,18.1,14.4,102,115,0
24.5,53.16666667,77.83333333,2,1.4,3.2,0.56,0.39,0.82,0.59,0.43,0.4,29,3,3.4,22.5,18.8,115,105,1
21.5,1.5,18.5,0.1,0.4,1.5,0.74,1,0.85,0.78,0.04,0.5,8.3,0.9,4.1,23.3,15.5,121,112,0
24,0,9,0.1,0,0.8,0.5,0,0.5,0.43,0.16,0.11,4.8,0.7,0,28.7,17.1,73,108,0
24,0,1,1,0,2,0,0.4,0.75,0.3,0.5,0,5.6,2,0,0,17.7,82,111,0
24.5,30.5,40,0.5,0.2,2.8,0.73,0.45,0.91,0.68,0.89,0.13,7,1.5,0.8,8.6,15.8,122,113,0
25.5,0,2,0.5,0,0.5,0.43,0.67,1,0.61,0.42,0.22,28.8,1.9,0,7.2,31.6,120,118,0
23,10,45,0.6,0.1,1.7,0.49,0.44,0.8,0.57,0.34,0.22,11.7,1.7,0.6,12.2,19.5,114,116,0
25.66666667,0,16.33333333,0.7,0.1,1.3,0.44,0.64,0.9,0.59,0.35,0.25,22.4,2.9,0.4,21.3,26.4,102,114,0
26,72.2,72.2,1.5,2.8,3.8,0.62,0.29,0.6,0.63,0.01,0.98,9.8,2.1,6,18.7,27.2,113,101,1
24,1.666666667,58.33333333,0.8,0.5,1.8,0.57,0.28,0.76,0.59,0.2,0.49,7.2,2.4,2.6,11.9,18.4,120,105,0
31.75,57.625,66.625,1.9,1.3,2.6,0.56,0.33,0.79,0.59,0.27,0.47,36.4,2.8,3.1,15.5,34.9,114,109,1
25,9.333333333,73.33333333,0.5,0.4,1.8,0.59,0.43,0.88,0.63,0.75,0.15,10.3,1.3,2.8,11.4,17.4,122,112,0
19.5,0,22,0.4,0,0.7,0.67,0.23,0.75,0.47,0.47,0.32,11,2.4,0.2,15.5,29,93,110,0
23,8,64,0.8,0.3,1.6,0.47,0.38,1,0.51,0.4,0.15,19.1,2,1.1,15.3,19.9,102,111,0
23,0.333333333,46,0.3,0.7,1.6,0.44,0.4,0.72,0.46,0.03,0.3,7.8,1.2,4.5,14.1,21.9,91,111,0
22,18,70.66666667,0.6,1,2.8,0.58,0.3,0.67,0.58,0,0.35,6.7,1.4,4.2,14.9,17.6,120,110,0
23,1.333333333,16.33333333,0.6,0.3,1.4,1,0.3,0.75,1,0.42,0.38,15.4,2.8,2.1,13.9,22.3,200,109,0
25,0,4,0.3,0.3,0.3,0.31,0.2,1,0.36,0.28,0.17,2.9,1,1.5,4.9,17.5,84,107,0
23.5,0,6.5,0.1,3,1.5,0.8,0.3,0.38,0.63,0,0.6,6.3,0.7,17.3,24,16.9,109,99,0
24,12.66666667,65,0.7,1.7,2.9,0.44,0.3,0.75,0.5,0.01,0.44,6.4,1.6,6.4,16.1,14,109,110,0
21,63.33333333,79,1.7,0.5,2.4,0.51,0.33,0.69,0.52,0.16,0.3,35.7,2.9,1.3,20.2,21.6,107,111,0
24,0,2,0.5,0,0,0,0.3,0.75,0,0,0,11.4,4.4,0,0,4,92,110,0
21.5,9.5,53.5,0.6,0.1,2.1,0.48,0.35,0.79,0.51,0.46,0.37,21.5,1.6,0.6,18.2,17,107,117,0
28,1.666666667,23,1.2,0.3,2.6,0.37,0.31,0.72,0.45,0.38,0.46,16.2,3.2,1.5,20.2,18,89,117,0
23.66666667,0.666666667,34.66666667,0.5,0.1,1.9,0.62,0.44,0.73,0.54,0.49,0.35,15.5,2.1,1.6,14.9,26.7,106,113,0
22,0,3,1,0,1.3,0.57,0.3,0.5,0.57,0,0.57,12.2,6.2,0,18.6,20.1,107,104,0
20,40.33333333,62.33333333,1,0.5,2.1,0.42,0.32,0.78,0.48,0.32,0.3,29,1.6,1.4,17.9,25.7,98,114,0
20,13,72,0.4,0.5,2.9,0.54,1,0.8,0.59,0,0.45,6.4,1.4,2.3,19,23.3,106,112,0
22,12.66666667,65.66666667,1.4,0.7,1.6,0.47,0.4,0.79,0.51,0.24,0.35,24.2,3.7,3,26.3,22.5,102,108,0
27,0,4,0.3,0.5,1.5,0.58,0.3,0.5,0.58,0,0.17,0,1.3,3.7,18.9,18.6,104,102,0
21.5,58,59,1.3,0.3,2.1,0.5,0.37,0.83,0.57,0.41,0.38,20.7,1.7,0.7,13.6,26.5,112,113,0
23,0.666666667,57.33333333,0.6,0.1,1.4,0.44,0.39,1,0.49,0.44,0.2,31.5,1.9,0.6,21.3,17.1,104,110,0
25,0,1,0,0,5,0.67,0.3,1,0.77,0,0.67,0,0,0,0,8.9,173,113,0
24.33333333,1,26,0.5,0.8,1.7,1,0.3,0.75,1,0,0.67,13.3,1.9,6.7,27.9,22,200,108,0
23,26,60,0.5,0.2,2.1,0.55,0.29,0.77,0.57,0.2,0.33,12.7,0.9,0.7,11.4,21.4,110,117,0
23.5,0.5,26,0.3,0,0.6,0.5,0.3,1,0.47,0.39,0.15,15.1,1.5,0,7.7,19.1,117,112,0
24,0,4,0.3,0,0,0,0,0.75,0,0.5,0,0,6.3,0,33.3,16.9,0,96,0
23,0,24,0,0.2,0.3,0.3,0,0.75,0.23,0.23,0,4.9,0,5,13.3,11.2,58,103,0
22.5,32.5,70.5,0.9,0.4,3.1,0.5,0.34,0.89,0.53,0.33,0.22,7.5,1.8,1.3,10.2,20.8,110,102,0
27,1,62,0.5,0,0.9,0.44,0.2,0.9,0.46,0.12,0.16,28.4,1.7,0.2,15.5,16.5,101,111,0
21,13.33333333,57.33333333,0.7,0.1,2.4,0.54,0.41,0.77,0.6,0.44,0.26,15.5,2.2,0.3,15.9,20.4,111,111,0
23,38.66666667,75,0.9,0.3,2.4,0.47,0.37,0.81,0.48,0.15,0.24,19.7,1.4,0.9,14.1,21.2,99,106,0
22,0,6,0.3,0.3,1.2,0.5,0.3,0.25,0.45,0,0.67,0,2.9,4.4,11.4,11.5,77,100,0
24.66666667,20.33333333,56.66666667,0.4,1.1,2,0.55,0.3,0.63,0.58,0,0.58,5.8,1.1,6.2,23.5,18.2,114,103,0
20.5,8.5,56,0.4,0.1,1.5,0.51,0.33,0.75,0.52,0.47,0.25,8.6,1.1,0.5,13.1,20.4,102,117,0
23,7.666666667,78.33333333,0.6,0.5,1.9,0.46,0.38,0.8,0.55,0.44,0.28,13.5,1.2,2,8.9,21.8,110,111,0
24,0.666666667,32,0.7,0.2,1.4,0.54,0.36,0.82,0.5,0.53,0.34,26.3,1.7,1,22.4,22.6,102,114,0
20,17,59.33333333,0.9,0.3,2.5,0.44,0.32,0.86,0.5,0.41,0.18,20.2,2.2,1.3,19.8,16.9,103,115,0
23,9.333333333,59,0.9,0.3,1.7,0.44,0.41,0.84,0.56,0.49,0.2,23.9,2.8,1,11.2,20.6,115,110,0
23,9,41,0.4,0.4,2.3,0.55,0,0.48,0.52,0.06,0.35,8.3,1.6,2.4,15.9,8.6,117,104,0
21,6.333333333,42,0.6,0.2,1.4,0.51,0.4,0.82,0.57,0.62,0.18,10.7,2,1,8.7,18.5,109,111,0
23,0,6,0.2,0,0.3,0,0.25,0.75,0.32,0.84,0,9.9,1.2,0,0,20,75,114,0
25.5,0.5,17.5,0.5,0,1,0.38,0.25,0.75,0.4,0.23,0.14,42.2,2.4,0.3,25.4,23.3,85,114,0
22,0,1,0,0,1,0.5,0.3,0.75,0.53,0,0,0,0,0,0,0,105,117,0
24,0,21,0,0.2,1,0.55,0.3,0.5,0.55,0,0.71,4.7,0.5,2.9,19.7,22.6,103,111,0
24.33333333,13.33333333,34,1,0.3,1.8,0.48,0.35,0.7,0.55,0.54,0.5,21.9,2.6,2.1,23.4,20.3,99,107,0
23,0,18,0.4,0.1,1.8,0.5,0.41,0.91,0.69,0.82,0.61,5.8,1.6,0.4,10.1,14.5,133,118,0
24.5,1.5,43,0.4,0.5,0.9,0.69,0.33,1,0.53,0.91,0.09,4.7,1.5,3.5,4.5,10.9,120,112,0
25.5,6.5,55.5,0.5,0.1,1.2,0.49,0.35,0.73,0.52,0.31,0.34,13.7,1.8,0.6,14.8,24.1,101,109,0
21,46,62.66666667,1.3,0.2,1.9,0.56,0.42,0.82,0.61,0.48,0.22,13.6,2.7,0.8,13.8,18.4,121,114,0
27,8.333333333,68,0.5,0.1,1.9,0.48,0.42,0.87,0.58,0.49,0.17,15.1,1.2,0.2,10.5,21.7,110,109,0
25,2,10.66666667,1,0.7,1.5,0.67,0.5,0.75,0.69,0.41,0.23,45.1,8.9,5.3,29.2,23.8,135,110,0
20.5,4.5,34,0.7,0.2,1.3,0.48,0.39,0.83,0.56,0.57,0.14,6.5,1.8,1.4,7,21.7,115,116,0
23.5,24,77,0.9,0.3,2.8,0.51,0.4,0.86,0.59,0.32,0.43,15.5,1.6,0.8,11.6,19,116,108,0
25,0,1,0,0,0,0.5,0.3,0.75,0.53,0,0,0,0,0,0,0,105,119,0
24,0,30.33333333,0.2,0.1,1,0.57,0.41,1,0.61,0.58,0.18,14,3.1,0.9,20.2,20.9,115,110,0
19.5,0,19.5,0.2,0.8,2,0.56,0.3,0.86,0.57,0.02,0.14,11.2,1.6,4.7,18.2,18.4,104,111,0
23,28.33333333,55.33333333,0.9,0.5,2.3,0.48,0.23,0.79,0.51,0.18,0.45,13.5,1.6,2.1,11,23,104,112,0
27,76,76,1.5,1.1,2.6,0.5,0.37,0.78,0.59,0.15,0.58,9,2,2.2,13.1,20.3,113,100,1
24,0,7,0.3,0,1.1,0,0.4,1,0.53,0.83,0.11,6.7,1.6,0,9.6,14.8,102,111,0
22,65.28571429,74.57142857,1.6,1.9,3.2,0.64,0.35,0.77,0.64,0.28,0.55,33.9,2.3,4.7,19.4,37.4,121,110,1
24,1,54,0.4,0.3,2.4,0.44,0,0.7,0.5,0.01,0.5,5.9,1.2,1.2,13.5,19.7,103,106,0
23.5,0.5,8,0.5,0.1,2.2,0.3,0.29,0.71,0.4,0.47,0.4,9.3,2.8,0.8,18.3,20.7,78,110,0
22,10.66666667,49.66666667,0.6,0.3,0.9,0.51,0.39,0.71,0.56,0.37,0.36,7.7,1.7,1.4,12.4,16.1,112,112,0
20,2,49,0.1,0.7,1.2,0.59,0.17,0.73,0.53,0.28,0.26,7.1,0.7,6.9,14.8,18.1,100,106,0
26,27.33333333,75,0.8,0.2,2.4,0.49,0.39,0.8,0.57,0.38,0.32,25.6,2.1,0.6,19,25.7,110,112,1
22.25,43.75,70.75,1,0.6,1.7,0.51,0.47,0.84,0.6,0.32,0.4,18.2,1.5,1.6,17.3,27.6,118,113,1
25,34.33333333,71.66666667,1.1,1.7,2.7,0.54,1,0.83,0.6,0.04,0.48,10.5,2.1,4.6,16.9,16.8,113,108,0
21,0,8,0.3,0.3,1.4,0.55,0.07,1,0.3,0.58,0.04,9.6,2.1,3.1,10.2,25.4,69,103,0
21,5,62,0.5,0.5,2.4,0.55,0.25,0.73,0.51,0.44,0.27,8.3,1.4,3.1,17.7,11.5,105,108,0
23.5,1,34,0.2,0.2,1.2,0.54,0.36,0.86,0.58,0.56,0.34,11.8,0.7,1.1,13.9,24.4,111,115,0
21,65,75.66666667,1.3,0.7,2.7,0.55,0,0.74,0.58,0,0.42,18.6,2.3,1.7,16,24.8,120,109,0
24,13.5,22,0.4,2.3,4,0.61,0.3,0.77,0.65,0,0.47,6.7,1.7,7.7,17.8,20.7,118,102,0
22,3.333333333,29.66666667,0.3,0.6,2.5,0.64,0.3,0.75,0.64,0,0.47,3.5,1.5,5.4,14.2,15.4,131,108,0
27,14,62,0.7,1.5,3.1,0.58,0.3,0.77,0.58,0.01,0.34,5.6,2.6,8.5,24.4,13.6,107,107,0
25,35,71.33333333,0.9,0.1,2.4,0.48,0.34,0.82,0.51,0.37,0.22,44.9,1.9,0.4,21.7,23,105,112,0
22.5,2.5,37,0.2,0.2,0.8,0.58,0.32,0.68,0.56,0.61,0.36,10,1.5,2.5,14.8,17.5,111,109,0
27,13.66666667,45,1,0.9,2.2,0.55,0.3,0.62,0.55,0,0.3,14.7,3,3.5,20.7,14.8,111,106,0
25.33333333,0,11,0.1,0.3,1.1,0.8,0.3,0.75,0.68,0,2.4,5.6,1.3,4.8,24.1,14.9,107,116,0
24.5,0,33.5,0.1,0.4,1.6,0.53,0,0.74,0.55,0.05,0.4,5.9,0.6,6.3,22.1,21.2,110,108,0
20.5,3,44.5,0.7,0.2,2.2,0.5,0.2,0.62,0.5,0.16,0.36,4.5,2,1.6,13.4,17.4,103,109,0
21,62.33333333,80.33333333,0.8,0.3,2,0.52,0.41,0.76,0.57,0.33,0.3,7.6,1.5,0.7,12.4,17.7,116,107,0
20.5,8.5,48,0.6,0.4,2.6,0.56,0.3,0.77,0.59,0.02,0.26,15.2,1.8,2.3,15.8,23.2,112,109,0
23,5.333333333,45,0.2,1.3,2.4,0.59,0.3,0.65,0.61,0,0.95,1.7,1.3,7.7,23.5,12.4,113,105,0
22.66666667,10.66666667,22.33333333,0.6,2.6,2.7,0.63,0.3,0.75,0.62,0,0.44,1,1.4,10,13.4,21.1,117,115,0
22,0,5,0.2,0,0.2,0.6,0.2,0,0.41,0.5,0.2,6.6,1.2,0,8.4,12.4,83,113,0
21,0.666666667,25.33333333,0.4,0.1,1.4,0.45,0.45,0.86,0.54,0.55,0.26,9.6,1.3,0.7,17.2,24.7,108,112,0
23,19,40.33333333,0.6,0.4,2.5,0.67,0.3,0.77,0.67,0.04,0.44,10.7,1.6,1.9,25,37.2,113,118,0
22.5,7,48,0.7,0.1,2.4,0.6,0.43,0.8,0.65,0.65,0.21,8.3,1.5,0.6,12.7,16.6,122,113,0
23,27,75,0.8,0.4,2.4,0.51,0.4,0.72,0.57,0.58,0.2,8.4,1.6,1.2,12.9,16.2,110,113,0
23,0.333333333,39.66666667,0.3,0.2,1,0.5,0.36,1,0.54,0.55,0.17,15.3,2.4,1.7,16.7,22.4,102,111,0
23.5,0,41,0.3,0.3,1.9,0.64,0.3,0.77,0.67,0.02,0.86,2.5,1.5,3.5,16.5,25.2,121,103,0
21,0,9,0,0.1,0.3,0.39,0.11,0.8,0.35,0.41,0.23,10.6,0,1.8,7.6,21,82,119,0
19.5,0,7,0.1,0.3,0.1,0.44,0.3,0.83,0.56,0,0.67,19.4,1.7,14.8,25,29.1,114,104,0
22,46,59.33333333,1.7,0.2,2.9,0.44,0.4,0.8,0.52,0.47,0.2,15.6,3.1,0.6,16,18.2,108,108,0
19.5,20.5,40,0.6,0.4,2.3,0.57,0.4,0.81,0.63,0.3,0.46,14.9,3.5,2.7,16.2,15.7,121,116,0
21,1,5,0.2,0,1.4,0.3,0.27,0.75,0.36,0.52,0,0,0.8,0,0,15.2,87,117,0
22,0,39,0.3,0.1,1.7,0.42,0.32,0.58,0.46,0.25,0.19,21,1,0.3,17.2,14.1,96,111,0
23,20,48.66666667,0.7,0.2,1.8,0.42,0.37,0.83,0.53,0.67,0.33,18.7,1.6,1.2,17.4,21.6,103,113,0
20.5,1,25.5,0.4,0.5,2,0.71,0.33,0.79,0.67,0.15,0.42,9.8,1.6,4.6,21.6,14.8,128,109,0
23.5,0,10.5,0.3,1,2.5,0.5,0.3,0.8,0.59,0.13,0.63,9.5,1.5,7.9,16.7,17.4,123,113,0
21,0,3,0,0,0.3,0,0.3,0.75,0,0,0,0,0,0,50,8,0,113,0
22.5,4.5,35.5,0.5,0.3,1.7,0.46,0.25,0.7,0.49,0.29,0.36,27,1.4,1.6,15.7,20.1,101,114,0
24.4,61.6,74.8,1.3,0.2,2.6,0.53,0.38,0.91,0.63,0.44,0.44,32.7,1.9,0.4,14.3,34,122,115,1
21.5,13,44.5,0.6,0.5,2.4,0.49,0.39,0.81,0.53,0.29,0.22,19.6,2.2,1.7,20.3,28.5,91,113,0
23,2.333333333,40.33333333,0.6,0.2,0.9,0.39,0.33,0.7,0.42,0.17,0.18,29.2,3.4,1.3,21.5,19.6,96,109,0
27.5,2.5,62.5,0.8,0.3,2.1,0.54,0.33,0.72,0.56,0.04,0.37,7.4,2.8,1.5,17.8,21.7,102,101,0
20.5,9,42.5,0.3,0.4,1.8,0.57,0.3,0.81,0.6,0.07,0.33,12,1.2,2.4,17.3,17.7,117,110,0
20,16,46.66666667,0.4,0.9,2.3,0.56,0.3,0.8,0.6,0.01,0.42,9.1,1.1,4.4,15.3,20.3,116,110,0
21.5,69.5,80.5,0.6,0.7,2.7,0.56,0,0.68,0.58,0.01,0.39,7.5,1.1,1.8,13.6,25.5,109,109,0
23,0,2,0.5,0,0.5,0,0.3,0.75,0,0,0,0,8.8,0,0,7.7,0,89,0
23.5,0,1.5,0,0,0,0.6,0.3,0.75,0.53,0.44,0,18,0,0,0,22.8,105,123,0
24,1,32,0.3,0.1,0.9,0.56,0,0.57,0.49,0.17,0.38,8.2,1.9,0.6,19.5,16.7,93,107,0
20,59,59,0.9,0.3,1.5,0.52,0.37,0.77,0.57,0.17,0.33,34.6,1.4,0.7,17.2,26,110,113,0
22,0,36,0.1,0.4,0.7,0.45,0.3,0.67,0.46,0,0.07,3.6,0.9,3.6,10.1,22.4,88,99,0
22.33333333,26,56.33333333,0.5,1,2.2,0.55,0.5,0.67,0.59,0.37,0.39,12,1.7,6.1,16.4,17.9,117,110,0
25,30.33333333,59.66666667,0.6,0.4,3.2,0.66,0.38,0.8,0.6,0.29,0.33,7.7,1.6,2.4,21.4,19.8,117,107,0
22.5,47,69.5,0.5,2.4,2.9,0.55,0,0.64,0.57,0.01,0.38,2.8,1,8,12.6,19.1,111,106,0
23,1,13,0.2,0.1,0.5,0.63,0.43,0.46,0.62,0.27,0.5,10.5,1.3,0.7,20.1,15.4,107,106,0
22,5,19,0.6,0.1,1.7,0.44,0.37,0.75,0.55,0.37,0.5,11,1.1,0.3,13.4,18.8,104,115,0
20,49,50.66666667,1.2,0.4,2.2,0.53,0.37,0.77,0.56,0.22,0.27,14.3,2.1,1.1,13.9,26.5,110,111,0
24.5,0,11.5,0.4,0.2,1.9,0.48,0.3,0.74,0.57,0,0.96,10.5,3.7,2.8,8.8,19.8,126,113,0
21.5,1,29.5,0.4,0.4,1.4,0.37,0.33,0.86,0.44,0.29,0.22,13.7,1.3,2.6,17.1,17.5,86,116,0
28,0,3,0,0,0,1,0,0.75,0.5,0.5,0,0,0,0,33.3,21.3,60,114,0
23,0,5,0.2,0,0.8,0,0.5,0.5,0.41,0.5,0.5,8,1.5,0,0,6.4,119,108,0
23,13.66666667,79.33333333,0.9,0.3,1.7,0.55,0.33,0.77,0.55,0.52,0.26,10,2.4,1.4,11.3,17.5,110,108,0
21,27,43.66666667,0.4,1.2,2.6,0.57,0.3,0.72,0.58,0.03,0.34,9,0.9,3.9,14.4,27.3,107,110,0
23,11.66666667,47,0.4,0.4,1.6,0.65,0.33,0.77,0.59,0.57,0.19,9.4,1.9,2,10.2,19,118,113,0
22,9.333333333,71,0.5,1.2,2.6,0.66,0.5,0.59,0.66,0.01,0.5,10,1.4,5.2,17.2,14.8,133,108,0
22.5,27,65,0.5,0.1,1.7,0.52,0.36,0.81,0.55,0.32,0.21,26.9,1.1,0.3,13.6,20.4,114,114,0
24.5,0,16,0.6,0.1,1.7,0.47,0.39,0.7,0.55,0.45,0.44,4.8,2.1,0.8,9.8,20.9,111,117,0
19,0,4,0,0,0.5,0.67,0,1,0.46,0.4,0.2,11.1,0,0,8.4,19.4,94,120,0
22,0,16,0.5,0.2,2.3,0.52,0.38,0.82,0.57,0.34,0.24,6.8,1.4,0.9,12.4,13.3,112,113,0
22.5,0,12,0.2,0.3,1.3,0.5,0.5,1,0.75,1,0.05,32.8,1.3,6,60,16.6,85,110,0
20,54.66666667,79.33333333,1,0.4,2.1,0.5,0.38,0.91,0.58,0.47,0.24,22.4,1.5,1.1,12.8,24.9,112,114,0
29,2,61,0.6,0.5,1.1,0.56,0.32,0.8,0.56,0.41,0.18,6.9,1.7,2.2,7.9,12.8,114,103,0
24,0,3,0,0,0.7,0.58,0.3,0.6,0.6,0,0.42,0,0,0,6.6,25.6,119,113,0
25,1,15,0.1,0.2,0.7,0.46,0.28,0.58,0.46,0.37,0.15,9.3,0.4,0.9,8.7,14.5,94,114,0
22,2,38.66666667,0.4,0.2,0.9,0.47,0.39,0.86,0.54,0.57,0.3,15.8,1.9,1.5,15.3,18,107,110,0
25,12,49.33333333,0.7,0.3,2.6,0.52,0.45,0.84,0.62,0.51,0.38,10.1,2.4,1.4,13.8,19.8,116,110,0
25,55.72727273,75.09090909,2,0.9,3.4,0.58,0.39,0.88,0.66,0.56,0.59,50.7,2.7,2,19.5,40.5,125,109,1
23,25.33333333,55,1.1,1.4,2.9,0.49,0.33,0.73,0.53,0.22,0.33,16.4,2.4,4.4,20.5,20.2,97,108,0
23,1,36,0.3,0.6,1.4,0.55,0.5,0.56,0.56,0.07,0.58,9.2,1.9,5,13.2,20.1,113,104,0
25.5,0,14,0.5,0.2,0.8,0.44,0.32,1,0.5,0.74,0.2,9.5,1.8,1,12.3,15.3,110,119,0
23,0,4,0.3,0.5,0.8,0.22,0.5,0.5,0.44,0.4,0.13,0,1.7,5.6,5.9,25.6,83,102,0
24,0,10,0.1,0,1,0.4,0.21,0.75,0.33,0.79,0,4.5,0.4,0,14.3,10.1,81,114,0
30,16,57,0.2,0.1,0.8,0.48,0.34,0.58,0.5,0.35,0.16,10.3,1.6,0.8,12,15.2,100,108,0
20,0,29.66666667,0.3,0.1,0.7,0.57,0.34,0.67,0.55,0.72,0.28,6,2.3,0.7,11.7,15.8,108,109,0
24,0,1,0,0,0,0.5,0.3,0.75,0.53,0,0,0,0,0,0,19.1,105,108,0
27,10,15,0.3,0.5,2.3,0.61,0.43,0.5,0.63,0.78,0.05,5.2,0.9,2.4,8.8,14.3,118,112,0
22,8.333333333,54,1,0.6,2.7,0.54,0.3,0.53,0.54,0.01,0.34,7.3,3.4,3.5,19.7,13.2,104,105,0
22,0,13.33333333,0.2,0,1.2,0.4,0.67,1,0.54,0.39,0.76,16.4,2,0,15.3,29.6,108,110,0
24,1,82,1,0.2,2,0.46,0.46,0.75,0.61,0.54,0.28,7.9,2,0.6,11,13.7,124,111,0
22,0,3,0,0,0,0.5,0,0.75,0.25,0.5,0,0,0,0,0,21.3,54,120,0
21,32.66666667,59,0.8,0.7,3.4,0.5,0.28,0.78,0.53,0.26,0.28,14.2,1.4,2.1,10.7,24.1,113,107,0
23,0,14,0.2,0.1,1.1,0.36,0.24,0.5,0.37,0.44,0.15,14.4,1.3,1.5,19.4,19.6,74,117,0
25,0,11.33333333,0.3,0,0.2,0.67,0.32,1,0.52,1,0.47,5,5.6,0.6,4.2,20.7,112,117,0
22,13,47.33333333,0.5,0.7,2.9,0.47,0.36,0.8,0.53,0.2,0.53,7,1.6,2.8,13.9,19.2,110,111,0
19.5,55,56,0.9,1.6,4.1,0.55,0.4,0.77,0.59,0.49,0.33,7.5,1.7,5.1,12.7,23.9,109,110,0
22,0.666666667,9.333333333,0.5,0.3,1.5,1,0.3,0.54,0.8,0,2,40.1,7,3.3,12.4,20.5,183,103,0
25,4,27,0.3,0.3,0.7,0.55,0.26,0.77,0.51,0.37,0.12,4.2,0.8,1.6,9,12.2,108,118,0
19.5,0,14,0.4,0.1,0.5,0.71,0,1,0.68,0.13,0.53,5.9,4.3,2,44.1,19.4,90,107,0
23,0,5,0,0.4,0.4,0.5,0.3,0.75,0.53,0,0,9.2,0,12.8,100,6.8,27,97,0
20,56.33333333,72,0.6,1.5,2.3,0.65,0.33,0.78,0.66,0.08,0.57,7.9,1.1,4.6,15.1,16.3,130,108,0
20,35,63,0.9,0.6,2,0.47,0.3,0.46,0.47,0.39,0.21,10.8,1.8,2.1,11.5,19.2,94,113,0
24.5,0,6.5,0.3,0.4,0.9,0.45,0.33,1,0.49,0.57,0.29,12.8,3.3,3.1,6.8,23.4,107,112,0
24.5,0,18.5,0.4,1.2,2.6,0.6,0.3,0.52,0.6,0,0.87,7.2,1.4,6.8,40.7,12.1,118,107,0
36,80,80,1.8,0.4,1.8,0.42,0.43,0.81,0.58,0.62,0.15,36.4,2.6,0.9,21.4,14.5,115,105,1
23.5,4,66.5,0.4,0.5,2,0.45,0.35,0.84,0.49,0.17,0.24,7.5,1.7,3.4,15.4,16.9,101,109,0
23.5,48.5,75,0.5,1,3.7,0.51,0.1,0.72,0.53,0.01,0.38,8.3,0.9,2.3,13.7,19.6,106,109,0
26,1,44,0.5,0.2,0.8,0.57,0.26,0.64,0.56,0.24,0.37,7.6,2.7,1.6,13.7,13.6,110,105,0
26.5,3.5,40,0.3,0.1,1.4,0.45,0.32,0.75,0.5,0.45,0.22,9,1.2,0.6,10.9,17.1,104,114,0
21.5,2,28,0.8,0.1,2,0.37,0.28,0.78,0.42,0.21,0.19,19.7,2.3,0.6,30,17.7,90,114,0
19,12,56,0.4,0.9,2.5,0.67,0.25,0.63,0.68,0.02,0.74,7.5,1.1,4.6,11.6,15.1,131,110,0
22,1,34,0.4,0.1,1.3,0.36,0.34,0.78,0.47,0.67,0.08,19.8,1.5,1,19.7,13.5,99,115,0
21,38.33333333,74,1,0.4,2.6,0.53,0.4,0.69,0.56,0.38,0.29,8.5,1.7,1.5,12.5,22.1,105,110,0
20,0,13,0.4,0,0.9,0.52,0,0.62,0.5,0.09,0.41,5.4,2.3,0,9.6,17.2,113,112,0
22.5,0,5,0.5,0.2,0.3,0.5,0.33,0.75,0.46,0.31,0.2,18.1,3.2,0.9,15.8,17.2,100,113,0
20,0,15,0.2,0.1,0.7,0.59,0.12,0.94,0.47,0.49,0.32,17.8,0.9,0.6,4.7,17.3,109,117,0
20.25,69.25,69.25,1.4,0.9,2.1,0.49,0.43,0.86,0.59,0.38,0.31,14,2,2.4,10.7,28.6,111,107,1
25,1.666666667,27.66666667,0.3,0.5,1.6,0.44,0.3,0.65,0.49,0.01,0.75,8.3,1.3,3.1,13.1,16.8,106,110,0
23.66666667,1.666666667,32,0.2,0.4,1.9,0.66,0.5,0.91,0.71,0.03,0.31,7.2,1.5,3.2,14.5,19.7,130,105,0
24,0,4,0,0.3,1.3,0.33,0.3,0.75,0.33,0,0,0,0,2.1,25,9.7,58,108,0
23,82,82,1.3,0.9,2.7,0.5,0.33,0.74,0.53,0.29,0.21,7.2,1.8,1.8,10.4,19.2,106,105,0
23,37,70,1.7,0.6,2.2,0.51,0.38,0.86,0.57,0.23,0.36,37.9,2.9,2,16.7,25.3,111,106,1
24,4.666666667,48.66666667,0.4,1,1.5,0.54,0.3,0.73,0.59,0.01,0.78,6.4,1.7,6.8,13,17.3,122,108,0
24,16.66666667,44,0.6,0.2,2.4,0.49,0.34,0.73,0.53,0.39,0.36,8.2,1.6,0.8,12.6,19.4,107,114,0
23,2,6,1.2,0.8,1.7,0.44,0.2,0.5,0.4,0.3,0.06,11.4,2.3,2.9,12.9,11.3,102,105,0
21,22.33333333,74,0.7,1.6,2.8,0.51,0.37,0.66,0.56,0.44,0.55,10.4,1.5,4.7,16.3,18,111,108,0
27,0,6,0.5,0.2,0.8,0.22,0.5,1,0.38,0.18,0.18,7.8,4.2,2.1,29.6,20.6,61,102,0
23,0,3,0.3,0.3,0,0.25,0,0.75,0.2,0.2,0,16.5,3,5.2,0,13.1,66,104,0
24,1,38.33333333,0.3,0.8,1,0.67,0,0.7,0.68,0.02,0.75,9.1,2,8.8,12.6,14.9,131,109,0
21,2.666666667,49.33333333,0.7,0.3,1.8,0.48,0.36,1,0.54,0.44,0.22,11.8,1.8,1.4,9,24.8,110,108,0
23,35.66666667,48.66666667,1.6,0.4,2.5,0.48,0.34,0.8,0.55,0.29,0.48,41,5.9,2.4,21.4,28.1,106,107,0
28,5.333333333,28.66666667,0.3,0.1,2.7,0.53,0.43,0.68,0.56,0.32,0.25,33.2,1.9,0.2,22.1,25.7,103,119,0
21,7.666666667,34.66666667,0.4,0.5,2,0.52,0.3,0.67,0.53,0.01,0.41,4.5,1.5,4.5,18.4,21.8,101,108,0
24,20,71,0.9,0.1,1.8,0.47,0.37,0.89,0.56,0.45,0.37,30.1,2.3,0.6,16.3,19,114,112,0
23.5,6,32.5,0.4,0.1,1.1,0.53,0.31,0.75,0.54,0.23,0.39,11.1,1.7,0.7,18.1,23.1,97,111,0
24,1,9,1.2,0.2,2.1,0.45,0.13,0.78,0.53,0.17,0.75,16.2,3.3,0.9,23.9,22,91,103,0
26.5,0,32.5,0.2,0.3,1.3,0.53,0.3,0.86,0.61,0,0.47,6.3,1.1,4.4,16.3,16.4,126,107,0
21.5,2,44,0.4,0.3,1.5,0.49,0.32,0.69,0.49,0.52,0.13,11.4,1.6,1.6,12.9,16.7,96,112,0
23,0,2,0,0,0,0.5,0.3,0.75,0.53,0,0,0,0,0,100,15.3,46,93,0
24,0,5,1,0,1,0.25,0.17,0.75,0.25,0.43,0,13.4,5.8,0,0,13.9,78,102,0
21.5,12.5,72.5,0.5,0.1,2.1,0.46,0.34,0.83,0.54,0.28,0.5,27.6,1.3,0.3,17.3,24.9,108,114,0
23.5,2.5,44.5,0.8,0.3,1.5,0.41,0.39,0.84,0.54,0.57,0.17,17.4,2.4,1.8,14.2,18,107,111,0
23,2.333333333,59.66666667,0.5,0.1,1.2,0.47,0.48,0.91,0.58,0.48,0.24,22.2,1.6,0.5,16.9,24.3,106,115,0
25.625,50.875,64,2,0.6,1.9,0.51,0.38,0.87,0.59,0.35,0.71,28.1,2.7,1.6,11.9,26.5,123,110,1
26.33333333,66,70,1.2,2.1,3.1,0.5,0.3,0.75,0.56,0.01,0.42,26.4,1.9,4.4,19.3,18.7,112,101,1
23,38,66.66666667,0.9,0.1,1.3,0.47,0.4,0.91,0.6,0.61,0.3,8.7,1.6,0.5,8.5,19.6,116,108,0
23,0,8,0.1,0.1,1.1,0.2,0,0.67,0.27,0.17,0.5,9.3,1.8,2.6,0,11.3,88,104,0
23.5,0,2.5,1,0,1,0.33,0.3,1,0.33,0.57,0.29,17.7,6.1,0,20.2,16.2,86,121,0
24,4,36,0.6,0.2,2.3,0.5,0.39,0.75,0.56,1,0.14,18.2,1.2,0.5,20,16.5,101,113,0
28,20,80.66666667,1.2,0.1,2,0.53,0.44,0.75,0.6,0.72,0.15,17.2,2.6,0.5,20.9,13.9,112,106,0
29.75,71.75,71.75,1.1,0.2,1.9,0.49,0.4,0.85,0.56,0.4,0.21,24,1.5,0.5,10.3,26.3,112,112,1
24,0.333333333,42.33333333,0.4,0,0.7,0.46,0.38,0.8,0.52,0.36,0.21,26.9,1.9,0.2,15.5,27.8,102,112,0
27,16,80,0.3,1.4,2,0.48,0.3,0.72,0.55,0,0.58,1.3,0.8,6.7,18.4,8.7,112,103,0
23.5,0,9,0.3,0.2,0.5,0.67,0.25,0.5,0.59,0.25,1,6.3,2.6,3.1,18.8,18.2,117,111,0
23.5,54.83333333,54.83333333,0.9,2.5,3.6,0.54,0.37,0.81,0.59,0.23,0.57,18.4,1.7,7.7,17.9,36,114,104,1
26,3,50.33333333,0.3,0.5,1.9,0.49,0.3,0.84,0.52,0.01,0.19,7.1,1.4,2.7,15.5,16.6,109,108,0
26.5,4.5,29,0.6,0.4,1.8,0.53,0.3,0.48,0.53,0,0.66,7.4,2.4,2.5,23.4,14.3,103,107,0
24,5.666666667,51,0.4,0.4,1.9,0.56,0.34,0.9,0.57,0.29,0.32,10.8,1.5,2.9,17.8,19.9,111,109,0
21,42,58.66666667,0.8,1.6,3.4,0.64,0.4,0.8,0.66,0.24,0.34,11,1.3,4.1,14.3,23.7,124,115,0
23,14.33333333,66.66666667,0.6,2,2.6,0.57,0.3,0.57,0.58,0.01,0.4,10.9,1.2,9.3,17.6,22.6,106,108,0
29.5,0,12.5,0.3,0.1,0.4,0.5,0.31,0.75,0.53,0.61,0.22,3.9,2,1,11,18.5,105,125,0
22,1.666666667,32.66666667,0.4,0.2,0.8,0.6,0.4,1,0.63,0.53,0.24,10.4,1.7,0.8,20.1,18.7,118,111,0
23,0,15,0.5,0.2,0.5,0.73,0.44,0.5,0.71,0.26,0.06,16.7,2,1.6,14.3,10.4,143,110,0
28,0,2,0,0,0,0.5,0,0,0.26,0.33,0.67,15,0,0,0,17.8,67,110,0
23.5,66.125,67.625,2,1.1,2.7,0.48,0.37,0.81,0.54,0.25,0.45,46.9,2.7,2.8,19.2,30.6,111,110,1
23,1.333333333,15.33333333,0.3,0.2,1.6,0.71,1,0.71,0.77,0.08,0.55,32.8,3.4,1.5,21.7,28.8,131,110,0
23.5,2.5,17.5,0.3,0.5,2.6,0.7,0,0.6,0.64,0.08,0.44,5.9,1,3.9,12.8,16.4,132,115,0
22,6.333333333,37,0.3,0.1,1.5,0.5,1,0.83,0.58,0.2,0.23,12.7,1.1,1,15.9,21.1,112,115,0
23,3.333333333,50,0.3,0.1,2.2,0.53,0.3,0.68,0.57,0.02,0.63,5.2,1.2,0.6,16.7,11.4,124,110,0
23,4,41,0.4,0.4,1.5,0.52,0.47,0.79,0.57,0.2,0.25,7.3,1.7,2.3,12.2,21.1,112,106,0
23.5,5,25.5,0.4,0.9,2.3,0.7,0.35,0.5,0.6,0.59,0.36,8.5,3,4.8,17.2,13.8,111,107,0
23.66666667,29.33333333,64.33333333,1,0.4,2.9,0.52,0.31,0.81,0.55,0.26,0.29,8.1,2.3,1.1,11.5,20.2,113,111,0
21,72.66666667,74.33333333,0.4,1.3,3.1,0.57,0.3,0.79,0.62,0,0.51,5,0.8,4.2,17.4,19.1,121,106,0
29.5,0,10.5,0.5,0,1.3,0.73,0.5,0.75,0.74,0.52,0.31,22.6,1.8,0,16.3,29,122,111,0
21,35.33333333,44.66666667,1.6,2.4,2.5,0.52,0.35,0.82,0.54,0.44,0.23,7,3,7.4,14.8,18.3,107,106,0
27,20,67.33333333,0.8,0.3,2.5,0.53,0.38,0.77,0.59,0.27,0.38,13.3,1.7,1.5,15.8,22,106,113,0
21,30,54.33333333,1,0.1,1.2,0.43,0.36,0.83,0.51,0.34,0.3,35.7,1.8,0.4,26.4,24.2,97,114,0
20.5,0,16,1.5,0.2,1,0.41,0.4,0.61,0.49,0.29,0.83,31.9,10.3,2.3,19.6,30.5,96,100,0
24,5.333333333,51.33333333,0.6,1,1.6,0.64,0.33,0.68,0.64,0.18,0.46,16.9,2.1,5.5,20.7,16.4,121,112,0
22,0,10,0.1,0,0.6,0.3,0.2,0.75,0.3,0.5,0,21,0.9,0,9.1,18.1,76,117,0
23,45.33333333,73.33333333,1.1,0.2,2.1,0.5,0.35,0.83,0.53,0.33,0.27,23.8,1.8,0.7,12.6,23.3,107,115,0
23,21.33333333,58.66666667,0.9,0.1,1.7,0.46,0.34,0.87,0.51,0.34,0.23,23.5,2,0.3,15.1,28.1,98,112,0
22,5,42,0.7,0.3,1.1,0.48,0.37,0.78,0.51,0.53,0.14,12.6,2.1,1.6,12.4,25.3,104,107,0
23,6.333333333,52.66666667,0.4,0.7,2.2,0.51,0,0.71,0.53,0.02,0.34,5.2,1.3,3.6,14.3,18.7,109,108,0
25,0,12,0,0,0.4,0.4,0.5,0.82,0.64,0.44,0.61,15.1,0,0,8.1,19.4,130,112,0
23,2,30,1.1,0.1,1,0.57,0.38,0.67,0.59,0.43,0.22,31,2.7,0.6,13.7,15.8,121,113,0
25.33333333,1.666666667,28.66666667,0.5,0.3,1,0.54,0.46,0.8,0.55,0.34,0.36,20.9,1.8,1.8,14.2,23.9,109,114,0
22,1.333333333,21.33333333,0.3,0.7,1.6,0.56,0.3,0.68,0.52,0.2,0.46,7.1,1.1,15.1,18.3,20.5,96,108,0
20,14,57,0.6,0.2,1.6,0.39,0.28,0.8,0.45,0.53,0.24,15.8,1.3,0.7,11.8,21.1,91,117,0
26,0,1,0,0,0,0.5,1,0.75,1.5,1,0,0,0,0,0,10.2,300,123,0
21,5,43,0.5,0.3,1.4,0.51,0.3,0.65,0.54,0,0.43,2.9,1.8,1.8,11.3,14.7,112,108,0
26,1,15.66666667,0.7,0.1,2.5,0.67,0.25,0.91,0.69,0.22,1,40.3,2.4,0.3,27.5,15.6,124,109,0
26,0,3,0,0,1,0.5,0.5,0.75,0.63,0.5,0,19.4,0,0,0,20.3,130,111,0
25,0,3.5,1.6,0.4,1.6,0.5,0.3,0.75,0.5,0.32,0.27,20.8,4.5,1.9,71.4,26.1,76,119,0
23,1.333333333,25,0.6,0.5,1.4,0.75,0.39,0.71,0.55,0.56,0.22,6.9,2.2,3.8,23.3,19.9,117,109,0
23,19.66666667,62.33333333,1,0.6,2.5,0.57,0.4,0.75,0.6,0.68,0.25,8,1.7,1.9,11.1,15.3,116,110,0
25,3.333333333,25.33333333,0.2,1.5,1.2,0.57,0.67,0.3,0.61,0.63,0.33,15.5,0.9,7.7,17.9,15.7,143,109,0
21,21.33333333,58,1,0.7,2.8,0.54,0.32,0.67,0.54,0.47,0.3,14.1,2.4,2.3,15.6,26,102,114,0
29,0,13,0.4,0.1,0.9,0.36,0.36,1,0.46,0.48,0.17,36.4,3.9,2.4,23.9,23.8,116,113,0
22,3,42,0.4,0.4,1.8,0.55,0.35,0.5,0.55,0.16,0.26,13.5,1.6,2.2,10.5,15.3,114,105,0
20.5,40,68,1.2,0.4,2.2,0.53,0.28,0.8,0.55,0.42,0.48,8.9,2.4,1.6,15.3,15.4,108,113,0
22,0,2,0,0,0,0,0.3,0.75,0,0,0,0,0,0,0,42.8,0,119,0
23,39,62,1.5,0.9,2.5,0.5,0.46,0.85,0.57,0.44,0.23,13.2,2.3,2.4,12.9,18.2,112,108,0
20.5,0,19,0.3,0,0.7,0.4,0.17,0.79,0.4,0.27,0.5,19.3,1.8,0,27.1,26.4,73,107,0
20.5,69,74.5,1.6,0.4,2.5,0.47,0.39,0.82,0.53,0.31,0.21,36.5,2.5,0.9,21.9,26.6,104,111,1
22,12.33333333,52.33333333,0.5,0.3,1.3,0.6,0.41,0.83,0.59,0.67,0.34,5.9,1.7,1.6,10.7,14.6,118,113,0
26,6,13,1,0.4,2.3,0.53,0.35,0.6,0.53,0.37,0.08,13.8,2.3,1.7,19.7,12.7,98,112,0
27,3,18,0.7,0.1,0.9,0.46,0.21,0.75,0.4,0.5,0.08,7.7,2.5,0.7,12.3,10,89,108,0
22,14,68,0.4,0.3,0.7,0.5,0.33,0.61,0.52,0.03,0.18,7,1.7,1.6,15,15.4,101,110,0
21,44.33333333,52,0.7,0.5,3.4,0.51,0.3,0.72,0.54,0.08,0.67,19.3,1.2,1.4,20.5,21.4,107,119,0
24,0.666666667,15.66666667,0.4,0.3,1,1,0.3,0.75,0.93,0.47,2,28.3,2.3,2.6,34.7,11.7,131,110,0
23,6.333333333,56,0.5,0.5,1.5,0.54,0.33,0.8,0.54,0.51,0.31,8.8,1.7,3.2,11.7,20.9,110,108,0
26.5,0,4,0.3,0,1.7,0.57,0.3,0.75,0.42,0.5,0.21,18,1.2,0,18.6,22.8,82,116,0
24.33333333,7,37.66666667,0.7,0.7,1.7,0.6,0.33,1,0.59,0.48,0.26,8.1,3.6,3.4,15.3,17.4,114,110,0
25,0,7.333333333,0.2,0.2,0.7,0.6,0.44,0.75,0.6,0.9,0.2,10.5,1.4,2.8,25,22.4,100,115,0
24.66666667,3,40.33333333,0.7,0.7,1.2,0.44,0.34,0.82,0.5,0.46,0.19,16,3,3.3,14.9,19.6,100,107,0
23,19,69,0.4,0.2,1.2,0.55,0.36,0.82,0.56,0.51,0.16,8.1,0.9,0.9,8.4,15.8,117,114,0
23,0,34,0.2,0.3,0.5,0.46,0.35,0.48,0.49,0.33,0.27,10.8,1.3,3.9,8.4,19,100,111,0
21,0,3,1,0,1.7,0.5,0.3,0.75,0.5,0.4,0.29,18.7,12.5,0,16.7,22.1,101,113,0
22,0,9,0,0.1,0.2,0.29,0.6,0.75,0.54,0.42,0,18.6,0,1.8,20,12.7,105,121,0
22,0,1,0,0,0,0.5,0.3,0.75,0.53,0,0,0,0,0,0,0,105,117,0
20,16,54.66666667,1.4,0.5,2.9,0.47,0.38,0.68,0.5,0.26,0.25,15.5,2.1,1.7,15.6,19.8,101,107,0
21,26,53,0.8,1.4,3.3,0.51,0,0.64,0.53,0.01,0.41,13.9,2.4,6.5,18.6,27.2,101,107,0
22,0,16,0,0.1,0.4,0.67,0.2,0.75,0.56,0.29,0,3.8,0,1.1,15,11.9,108,111,0
22,5.333333333,49.33333333,0.7,1.1,2,0.55,0.3,0.84,0.56,0.39,0.42,9.3,1.8,4.2,17.6,19.3,101,110,0
20,0,5,0.4,0.2,0.4,0.75,0,0.5,0.6,0.2,0.4,5.5,3.8,3.8,14.5,11.7,110,103,0
26,0.666666667,15.66666667,0.8,0.2,2.4,0.55,0.47,0.78,0.57,0.5,0.41,28.7,2.1,1.6,25.7,20.6,116,114,0
27,0,1,1,0,1,0.5,0.3,1,0.53,1,2,20.8,8.7,0,0,13.5,140,104,0
21.6,81,81,0.9,1.7,3.8,0.59,0.42,0.86,0.65,0.27,0.34,17.2,1.3,4.3,13.7,28.9,127,110,1
23.85714286,59.71428571,63.57142857,1.8,1,1.9,0.58,0.44,0.89,0.62,0.33,0.41,27,3,2.3,10.7,33.2,121,105,1
21.5,0,29,0.4,0.2,0.9,0.4,0.32,0.92,0.46,0.27,0.31,22.7,2.3,1.5,17.5,28.4,95,113,0
23.5,1.5,34.5,0.6,0.5,1,0.52,0.33,0.71,0.54,0.45,0.33,6.5,1.7,2.6,8.3,15.6,112,113,0
23,0,5,0.2,0,1,0.4,0,1,0.34,0.38,0.25,5,1.9,0,25.3,19.5,57,110,0
23,0,3,0,0,0,0,0.3,0.75,0,0,0,0,0,0,0,5.1,98,115,0
24,4,31,0.2,0.3,1.6,0.54,0.26,0.97,0.51,0.53,0.17,6.8,0.7,1.5,9.3,17.8,100,114,0
20,0,9,0.6,0.1,1,0.54,0.4,0.7,0.53,0.16,0.32,9.4,2.6,1,7.8,18.1,117,112,0
23,10,67.66666667,1,0.6,3.3,0.54,0.41,0.81,0.56,0.38,0.26,13.1,2.3,2.1,16,21.1,110,107,0
21,8.333333333,74.33333333,1,0.4,2.9,0.52,0.34,0.82,0.53,0.47,0.3,6.4,1.8,1.4,12.8,19.4,106,110,0
25.14285714,67.28571429,73.14285714,2,0.5,1.9,0.49,0.4,0.87,0.57,0.53,0.31,31.2,2.9,1.5,12.4,31.5,115,114,1
22,17,43.33333333,0.9,0.1,1.4,0.51,0.4,0.89,0.56,0.48,0.09,44.3,2.6,0.4,26.6,16.3,104,113,0
24,62,62,0.8,0.2,2.3,0.51,0.36,0.84,0.55,0.43,0.11,18.7,1.4,0.6,10.2,23.7,106,113,0
23,65.33333333,68.66666667,1,1,2.9,0.59,0.3,0.67,0.62,0,0.53,7.5,1.8,3.6,12.4,21.3,123,106,0
24.5,23.5,40.5,1,0.6,2.3,0.51,0.33,0.68,0.49,0.67,0.17,9.5,1.9,2.2,12,12.3,105,112,0
24,8.333333333,67.66666667,0.7,0.4,1.7,0.48,0.36,0.61,0.52,0.4,0.38,15.7,3.2,2.1,16.8,25.7,94,108,0
21,66.33333333,79.33333333,1.4,0.2,2.2,0.49,0.35,0.81,0.52,0.46,0.24,7.8,2.4,0.6,9,19.5,107,111,0
25.09090909,70.63636364,70.63636364,1.4,1.8,2.1,0.61,0.42,0.91,0.65,0.35,0.52,26.7,1.9,4,14,33,125,110,1
34.33333333,69.33333333,69.33333333,1.3,0.9,2.5,0.53,0.2,0.86,0.58,0.02,0.29,15.7,2.3,2.4,11.1,24.5,112,101,1
23,0,7,0,0,0.1,0.33,0,0.75,0.09,0.73,0,6.7,0,0,0,25.5,26,115,0
20.5,53.5,65.5,0.9,0.5,2.5,0.46,0.39,0.83,0.54,0.55,0.11,17.5,1.5,1.3,13.8,17.1,107,116,0
23,0,32,0.3,0.2,0.8,0.4,0.3,0.6,0.42,0,0.14,4.8,1.4,1.2,6.6,16.2,99,110,0
19.5,30.5,70,0.6,0.4,2.3,0.39,0.34,0.72,0.48,0.5,0.25,7.4,1,2.3,10.1,22.3,97,116,0
24.28571429,59.85714286,65.28571429,0.9,0.5,2.8,0.5,0.42,0.88,0.61,0.45,0.49,21.4,1.4,1.2,13.2,28.8,123,109,0
22,0,17,0.1,0,0.2,0.26,0.2,0.75,0.27,0.18,0,6.1,1,0,9.7,27.1,57,112,0
19,3,50,0.9,0.3,2.7,0.51,0.34,0.72,0.54,0.38,0.24,13.9,1.9,1,16.7,20.5,99,115,0
22,10,64.66666667,0.3,1.3,2.7,0.53,0.3,0.71,0.55,0,0.21,6.1,1.4,5,20.7,23.5,105,110,0
20,2.666666667,41.33333333,0.5,0.8,1.6,0.6,0.5,0.75,0.64,0.29,0.4,8.5,1.8,4.9,12.5,16.5,125,106,0
26,8.333333333,44,0.4,0.6,1.8,0.61,0.3,0.7,0.64,0.01,0.58,8.5,1.4,3.8,13.7,14.1,134,110,0
24.2,50.2,64,1.5,0.2,3,0.55,0.42,0.91,0.62,0.41,0.23,21,2.6,0.7,12.1,26.2,119,113,1
22.5,0,17,0.4,0.2,1.1,0.35,0.36,0.64,0.45,0.82,0.24,6.7,2.4,2.2,13.8,17.2,91,116,0
24,0,41,0.4,0.1,1.1,0.45,0.28,0.72,0.48,0.45,0.26,9.8,2.1,0.6,13.2,16.1,96,110,0
24.5,72.25,76.875,1.1,0.8,2.9,0.53,0.44,0.88,0.6,0.47,0.2,14.6,1.7,1.8,12,27.6,112,112,1
34,56.85714286,56.85714286,1.5,0.3,2.6,0.51,0.33,0.86,0.57,0.42,0.39,34.6,2.1,0.6,29.2,35.7,112,113,1
20.5,6,16.5,0.6,0.2,1.9,0.5,0.3,1,0.53,0.21,0.13,16.5,1.4,0.7,18,17,105,125,0
20.5,1,43,0.2,0.5,1.2,0.47,0.3,0.6,0.49,0.01,0.32,5.1,1.1,4.4,21.9,19.9,95,108,0
21.5,0,2.5,1,0,0,0.5,0.3,0.75,0.53,0,1.33,22.4,8.8,0,17.4,22.5,226,110,0
24.5,3.5,34.5,0.7,0.3,1.7,0.42,0.31,0.72,0.46,0.54,0.21,15.8,2.2,1.4,22.5,14.2,92,109,0
23,31.33333333,58.66666667,2,0.5,3.6,0.46,0.35,0.8,0.49,0.23,0.19,33.3,3.3,2.3,20.8,24.7,99,112,0
24,0,10,0.3,0,0.3,0.18,0,0.63,0.26,0.21,0.57,2.8,3,0,10.2,17,57,104,0
21.25,58.25,58.5,0.8,2.4,3.7,0.49,0.4,0.84,0.55,0.32,0.31,7.9,1.3,6.4,10.9,31,108,109,1
22,12,45,1,0.2,2.3,0.47,0.31,0.83,0.49,0.33,0.13,19.4,2.1,0.9,17.1,17.2,96,115,0
22,11,61,0.8,0.4,1.2,0.49,0.38,0.79,0.53,0.19,0.28,13.7,2.5,2.1,15.1,14.4,109,101,0
26,2,32,0.5,0.3,1.4,0.42,0.24,0.53,0.43,0.17,0.4,16.4,1.8,1.7,17.1,13.3,98,108,0
22,0,2,0,0,0,1,0,0.75,0.5,0.5,0,0,0,0,0,21.8,98,120,0
33,75,75,0.7,0.6,1.9,0.47,0.49,0.9,0.7,0.75,0.2,12.1,1.1,1.5,14.1,14.4,122,106,1
23,37.33333333,67,0.6,0.4,2.4,0.55,0.37,0.75,0.55,0.42,0.23,11.5,1,1.4,11.6,23.8,106,112,0
30.5,67,67,2.1,0.5,3.2,0.52,0.41,0.86,0.62,0.63,0.41,34.8,2.9,1.2,18.1,26.1,123,109,1
23,13.66666667,59,0.6,1.3,2.4,0.54,0.28,0.77,0.55,0.18,0.24,13.1,1.9,5.8,17.1,18.6,107,106,0
25,56,81.33333333,0.7,0.5,2.6,0.49,0.4,0.83,0.57,0.54,0.31,7.3,1.4,1.3,12.3,15.8,117,113,0
23.5,0,8.5,0.5,0.5,1.1,0.36,0.43,0.88,0.51,0.58,0.32,15.8,2.1,3.1,19.7,23.6,108,111,0
24,0,14,0.2,0.1,0.3,0,0.31,0.5,0.44,0.93,0.14,6.1,3.3,1.8,25.2,19.1,81,105,0
22,65,65,1.5,0.5,2.5,0.54,0.42,0.91,0.61,0.37,0.3,36.5,2.3,1.4,16.1,31,118,112,1
23,5,49,0.1,0.4,1.6,0.55,0,0.42,0.53,0.01,0.6,5.3,0.8,3.7,16.7,15.8,100,105,0
29.28571429,71.28571429,71.28571429,0.9,1.3,2.8,0.53,0.35,0.86,0.58,0.07,0.31,13.2,1.3,3.4,9.5,30.2,118,110,1
24.5,0,20,0.3,0.1,1.3,0.52,0.25,0.73,0.47,0.61,0.28,21.1,1.2,0.4,20.4,22.2,89,108,0
21,24.33333333,44,1,0.2,2.1,0.52,0.33,0.79,0.53,0.31,0.36,28.3,2.5,0.9,26.2,23.5,106,106,0
24,6.333333333,35.33333333,0.2,0.2,1.9,0.5,0.3,0.84,0.57,0.01,0.56,9.7,0.9,0.9,15.7,13.8,121,116,0
23,55,66.33333333,1.2,0.3,1.5,0.56,0.39,0.77,0.6,0.36,0.27,14.5,2.1,0.7,15.1,16,115,110,0
21.5,27,63,0.5,0.2,2.8,0.49,0.42,0.91,0.6,0.76,0.18,9,1,0.6,8.7,15,120,115,0
24,16.66666667,67,1.2,0.3,2.9,0.42,0.39,0.81,0.51,0.57,0.19,17.6,1.9,0.8,10.1,19.2,105,111,0
25.5,0.5,11,0.5,0,1.1,0.5,0.33,0.75,0.39,0.45,0.05,33.9,1.4,0,29.6,16.8,87,117,0
24,18.66666667,64,1.3,0.6,2.6,0.59,0.28,0.74,0.61,0.1,0.33,9.7,3,2.2,12.4,15.9,125,109,0
28.5,0,9.5,0.8,0.4,1.5,0.47,0.46,0.75,0.56,0.46,0.36,8.4,3.2,2.7,13.6,12.7,107,112,0
23,22.33333333,61,0.7,2.8,3.3,0.51,0.3,0.62,0.52,0.01,0.23,7.8,2.5,8.9,17.6,17.6,109,99,0
21,56.33333333,56.66666667,0.8,0.6,2.3,0.52,0.36,0.87,0.56,0.54,0.26,7.6,1.4,1.8,11,25.1,108,112,0
23,18,61.66666667,0.4,0.7,2.3,0.47,0.3,0.79,0.49,0.04,0.17,10.1,1.1,2.6,12,14.8,104,108,0
25,0,24,0.5,0.2,1,0.4,0.29,1,0.46,0.4,0.6,14.2,3.3,1.3,17.2,19.5,102,112,0
30,71.45454545,71.45454545,1.9,1,2.1,0.62,0.41,0.77,0.65,0.32,0.51,49.7,2.6,2,16.1,33.5,125,109,1
26,0,17.33333333,0.9,0.2,1.6,0.47,0.31,0.85,0.49,0.63,0.25,34.1,3.2,1.8,21.4,28.6,94,111,0
23,0,14,0.1,0.1,0.4,0.2,0,0.6,0.23,0.23,0.39,9.4,1.5,1.3,6.2,10.9,68,115,0
20.5,2,35,0.5,0.2,1.3,0.44,0.41,0.8,0.52,0.28,0.22,10.3,2.9,2.2,9.6,20.3,101,114,0
21,47.33333333,51.66666667,1.7,0.8,2.4,0.48,0.38,0.57,0.53,0.58,0.13,29.3,2.4,2,20.7,18.6,105,111,0
24,2.333333333,21,1,0.2,1.7,0.49,0.21,0.75,0.47,0.35,0.16,28,2.8,1.3,25.2,24.9,99,111,0
20,0,10,0.2,0,1,0.4,0.36,0,0.45,0.52,0.14,11.8,1.6,0,8.2,17.1,93,113,0
23.5,57,76,0.9,0.5,2.5,0.49,0.35,0.71,0.53,0.05,0.44,6.5,1.8,1.6,14.1,13.1,111,103,0
23,2.333333333,30.66666667,0.9,1.6,2.4,0.69,0.33,0.66,0.68,0.08,0.5,6.2,4.5,7.1,19.9,23.1,125,102,0
20,21,29,0.8,0.1,2.7,0.51,0.3,0.78,0.52,0.47,0.23,4.5,1.8,0.3,8,13,105,112,0
26.5,0.5,27.5,0.2,0.3,0.7,0.51,0.45,1,0.59,0.45,0.1,7.6,1.3,2.6,9.8,20.7,107,112,0
23,0,7,0,0,0.1,0.4,0.3,0.75,0.53,0.47,0.21,3.5,0,0,66.7,25.7,63,114,0
29,82,82,0.8,0.3,3,0.52,0.2,0.78,0.55,0.01,0.25,11.1,1.2,0.7,11.9,22.7,108,107,0
19.66666667,60,60,1.1,0.3,2.5,0.57,0.33,0.75,0.58,0.44,0.44,45.3,1.6,0.9,15,37,116,109,1
20,0,1,0,0,0,0,0,0.75,0,0.5,0,28.9,0,0,0,14.5,43,118,0
22,1.333333333,42,0.3,0.1,1.3,0.43,0.43,0.85,0.56,0.76,0.16,6.9,1,1.2,12.9,22.8,103,109,0
23.5,0.5,35,0.3,0.3,1.6,0.45,0.24,0.75,0.44,0.32,0.19,7.6,1.4,2,6.9,16.8,101,109,0
22,14.66666667,54.66666667,0.6,0.2,2.3,0.49,0.42,0.89,0.59,0.54,0.22,19.2,1.5,0.8,12.2,19.8,117,117,0
23,11,34,0.6,0.9,1.5,0.65,0.36,0.83,0.54,0.68,0.16,11.6,1.7,4.5,8.5,19,112,111,0
25,0,16,0,0,0.3,0.38,0.2,0.75,0.37,0.19,0,8.4,0,0,0,19.9,86,112,0
26.5,64.5,64.5,1.1,0.7,1.5,0.46,0.37,0.82,0.51,0.29,0.26,13.2,1.5,1.2,10.6,21.5,105,105,1
21.5,0.5,14.5,1,0,2,0.5,0.3,0.9,0.5,0.35,0.22,31.7,11.1,0,13.5,25.4,134,110,0
22,1.333333333,23.33333333,0.4,0,1,0.5,0.32,0.8,0.52,0.86,0.28,8.7,1.6,0.5,20.4,19.3,102,114,0
25,37.33333333,62.33333333,1.1,0.3,2.7,0.54,0.43,0.93,0.61,0.33,0.2,24.3,2.2,0.8,14.1,20.7,121,113,0
27.5,2.5,63.5,0.6,0.1,1.5,0.43,0.37,0.8,0.53,0.44,0.32,23.4,1.7,0.5,18.1,18.3,104,113,0
22.33333333,4,12,0.8,0.4,1.9,0.43,0.33,0.82,0.47,0.32,0.29,19.8,2.1,1.6,20.4,21.8,100,115,0
25,1.666666667,16.66666667,0.2,0.1,0.7,0.71,0.48,1,0.64,0.81,0.25,8.3,1.5,1.5,14.4,18.5,122,112,0
24,0,7.666666667,0.3,0.4,0.7,0.5,0.3,0.63,0.56,0.25,0.8,10.3,3.4,4.8,34.8,18.7,109,107,0
21,6.333333333,55,0.7,0.1,1.4,0.56,0.4,0.85,0.6,0.55,0.19,10.2,2.1,1,11.1,22,117,114,0
22,0,47,0.1,0.2,0.6,0.59,0.18,0.57,0.56,0.15,0.4,7.5,0.7,2,11,14.5,111,106,0
20,0.333333333,63.66666667,0.5,0.3,1.5,0.54,0.34,0.88,0.53,0.57,0.21,16.9,1.4,1.3,12.6,24.9,102,115,0
22,0,1,0,0,0,0,0,1,0.35,0.5,1,0,0,0,25.8,41.5,58,123,0
25,0,4,0.3,0,1.3,0.57,0.3,0,0.54,0,0.14,0,2.4,0,0,16.1,122,103,0
22.33333333,6.666666667,29.66666667,0.6,0.2,1.2,0.42,0.37,0.83,0.49,0.32,0.39,14.8,1.7,1,16,20.4,97,112,0
33,79,80,1.5,0.4,2,0.5,0.35,0.87,0.58,0.43,0.4,26.4,2.6,0.8,12.7,26,116,105,0
24,16.33333333,54.66666667,0.9,0.3,2.1,0.5,0.52,0.76,0.55,0.23,0.35,14.6,2.2,1.3,15.5,23.4,102,111,0
28,74,74,1,1.9,3.7,0.58,0.43,0.84,0.62,0.23,0.58,24.8,1.5,4.3,15.1,26.4,121,108,1
32.5,0.5,38,0.5,0.1,1.4,0.48,0.26,0.93,0.49,0.28,0.25,33.9,2.1,0.7,24.8,17,95,114,0
25,0,81,0.2,0.9,1.7,0.54,0,0.68,0.56,0.01,0.33,2.4,0.8,4.8,15,13,113,99,0
23,1,66,0.6,0.1,1.2,0.43,0.38,0.84,0.54,0.42,0.32,11.8,1.9,0.3,12.2,20.1,106,114,0
24,0,4,0,0.3,0.3,0.67,0.3,0.75,0.67,0,0,0,0,4.5,25,10.2,90,111,0
22,0,11,0,0.1,0.8,0.46,0.5,0.8,0.65,0.61,0.15,2.2,0,1.3,7.9,24.4,123,116,0
22.5,0,23.5,0.2,0,1,0.52,0.5,0.9,0.61,0.31,1.43,8.3,1.3,0,14.9,12.3,121,116,0
24,0,18,0.1,0.1,0.8,0.47,0.32,0.6,0.49,0.65,0.12,0,0.5,1.3,11.7,20.9,90,113,0
23,8,58.66666667,0.9,0.3,2.1,0.48,0.38,0.76,0.55,0.44,0.24,7.6,2,1.2,11.8,22.2,109,109,0
24,0,5,0,0,0,0.33,0.25,1,0.4,0.57,0.14,16.1,0,0,0,23,96,114,0
21,24,69,1.6,0.4,3,0.43,0.34,0.81,0.49,0.57,0.33,22,2.7,1.2,15.6,18.8,102,108,0
23,30.33333333,65.66666667,1.4,0.2,2.2,0.5,0.37,0.87,0.55,0.39,0.23,13.2,2,0.5,9.5,25.3,111,112,0
24,0,2,0,0,0,0,0.33,0.75,0.3,0.6,0,13.4,0,0,16.7,25.9,61,110,0
23.5,25,71.5,1.2,0.2,2.4,0.49,0.36,0.87,0.54,0.6,0.24,21,2.7,0.5,19.7,16.3,103,105,0
21,13.66666667,73,1.1,0.4,1.8,0.52,0.35,0.91,0.54,0.46,0.17,11.2,2.4,1.5,18,19.9,103,111,0
25,1,39,0.2,0,0.6,0.6,0,0.6,0.59,0.05,0.48,8.8,3,0,21.6,10.5,110,104,0
24.33333333,11.66666667,37.66666667,0.7,0.3,1.5,0.5,0.31,0.83,0.5,0.71,0.29,13.9,2.1,1.2,22.2,18.9,99,111,0
20,24.66666667,32.33333333,1.3,0.3,2.7,0.52,0.29,0.72,0.52,0.18,0.24,31.3,2.3,1.3,15.1,23.1,105,111,0
23,13,75.33333333,0.9,0.8,2.9,0.51,0.35,0.79,0.56,0.28,0.39,10.9,2.2,2.6,12.9,23.2,111,106,0
24,0,42,0.3,0.2,0.8,0.49,0.31,0.92,0.52,0.53,0.16,12.4,1.2,1.5,17.9,17.6,97,113,0
21,0,1,1,0,1,0.5,0.3,0.75,0.53,0,0,0,16.2,0,0,0,105,69,0
20,42,65.66666667,0.8,1,3.2,0.52,0.32,0.71,0.53,0.4,0.33,8.1,1.8,3.7,16.4,20.6,102,113,0
21,1,30.33333333,1.3,0.1,1.7,0.43,0.28,0.74,0.41,0.25,0.31,25.6,2.7,1.3,22.6,18.2,83,112,0
22.5,1,63,0.5,0.5,2.5,0.5,0.25,0.75,0.53,0.01,0.33,7,1.5,2.6,11,25.1,107,109,0
24.5,0.5,14.5,0.2,0.2,1.3,0.53,0.3,0.75,0.7,0,5.33,8.1,1.2,1.9,23.8,12.8,129,111,0
19.5,5,37.5,0.5,1,3.3,0.53,0.31,0.81,0.56,0.14,0.37,5.9,1,3.4,10.7,25.9,111,110,0
24,49.66666667,78,0.8,1,3.1,0.67,0,0.64,0.67,0.01,0.65,16.2,2,3.6,18.8,19.2,121,104,0
22,13,57,1.4,0.7,2.1,0.5,0.35,0.61,0.53,0.61,0.18,8.3,3.5,3.1,15.1,11.6,103,105,0
24,0,4,0.5,0.5,1.8,0.5,0.3,0.75,0.5,0,0,8.3,3.2,5.2,20,7,101,96,0
22,0,4,0.5,0.3,0.3,0.5,0,0.75,0.25,0.5,0,6.7,5.1,4.5,0,9,69,104,0
25,0,33,0.2,0,0.9,0.53,0.47,0.7,0.65,0.68,0.09,7.9,1.2,0,9.4,17,119,108,0
24,0,3,0,0,0.3,1,0.2,0.75,0.42,0.83,0,0,0,0,14.3,28.6,70,113,0
24,10.33333333,71.66666667,0.6,0.1,2.3,0.46,0.41,0.86,0.53,0.54,0.16,26.2,1.3,0.4,17.7,15.9,111,111,0
20,34.66666667,67,1.2,0.8,1.9,0.52,0.38,0.59,0.54,0.35,0.3,6.4,2.6,2.4,13.6,15.9,102,107,0
24,4,32,0.5,0.3,0.9,0.48,0.14,0.73,0.5,0.08,0.3,3.5,2.3,2,11,14.3,104,110,0
23,0,2,0,0,0.5,1,0,1,0.73,0.33,0.33,0,0,0,0,24.4,153,119,0
27,25,69.66666667,0.5,1.2,2.3,0.61,0.37,0.86,0.6,0.61,0.19,6.8,1.2,4.4,11.4,13.9,123,111,0
22.5,0,12.5,0.3,0.1,0.6,0.47,0.57,0.5,0.48,0.41,0.24,3.3,3.8,3.5,13.8,23.5,86,113,0
21,5.333333333,54.66666667,0.2,0.6,2.4,0.59,0.43,0.94,0.63,0.46,0.32,7.3,1,2.4,13.4,15.8,117,110,0
22,0,12,0.2,0.2,0.8,0.42,0.45,1,0.61,0.63,0.16,4.9,1.5,2.7,5.5,23.5,119,106,0
21.5,75.5,75.5,1,0.7,3,0.47,0.37,0.8,0.51,0.13,0.23,12.3,1.8,1.7,12.4,28.3,101,112,0
23,56.66666667,63.33333333,1.9,0.8,3,0.47,0.27,0.7,0.5,0.2,0.35,37.3,2.6,2.1,19.6,26.7,96,108,0
25,0,8,0.3,0,1.6,0.67,0.25,0.67,0.51,0.73,0.55,1.9,1.4,0,12.8,9.8,99,115,0
24,0,9,0,0,0.2,0.17,0,1,0.18,0.4,0.2,7.9,0,0,0,15,64,114,0
20,63.66666667,65,0.7,0.9,2.3,0.48,0.3,0.75,0.52,0.03,0.52,10.1,1.5,2.8,12.7,18.4,106,110,0
21,1,48,0.4,0.4,1.6,0.54,0.42,0.77,0.59,0.36,0.15,8,1.5,2.6,10.3,22,114,107,0
29,13,36,0.4,0.1,1.3,0.64,0.31,0.88,0.61,0.37,0.17,6.4,1.3,0.5,9.7,11.5,121,108,0
25,7,26,0.2,0.8,1.2,0.42,0.3,0.5,0.44,0,0.2,2.9,0.8,6.1,9.8,13.1,92,105,0
22.5,40,73.5,1.6,0.6,2.5,0.62,0.35,0.85,0.62,0.56,0.26,9.8,2.5,1.9,12.5,12.4,119,115,0
22,80,80,1.4,0.2,2.2,0.46,0.39,0.74,0.53,0.26,0.23,24.8,2.2,0.4,15.7,18.4,108,112,0
26.5,0,8.5,0.4,0.3,1.1,0.5,0.3,0.64,0.52,0.03,0.67,10.2,2.7,4.3,20.5,24.2,107,108,0
27,10,36,0.8,0.2,1.3,0.44,0.27,0.76,0.47,0.31,0.26,29.4,2,0.8,12,25.1,99,113,0
23,2.666666667,40,0.4,0.5,1.5,0.57,0.41,1,0.61,0.26,0.26,9.1,1.6,3.8,13.8,19.3,120,106,0
25,2.333333333,62.66666667,0.4,0.1,1.5,0.56,0.34,0.79,0.56,0.42,0.38,10.9,1.1,0.4,10.9,23.7,108,108,0
22,0,2,0,0,1,0.25,0.3,0.75,0.25,0,0,5.4,0,0,20,9,73,116,0
20.5,44.5,72.5,0.7,0.7,2,0.55,0.33,0.81,0.55,0.4,0.17,9.4,1.6,2.5,10.5,20,111,114,0
25,35.66666667,55.66666667,0.6,1.1,2.3,0.54,0.3,0.75,0.54,0,0.24,5.7,1.7,4.3,15.7,21.4,107,104,0
30.5,18,30,0.5,0.1,2.3,0.54,0.38,0.85,0.56,0.68,0.18,28.8,1,0.5,32.8,18.2,107,115,0
24,0,10,0.6,0.2,1.3,0.38,0.17,0.5,0.34,0.49,0.17,11.7,2.3,1.2,3.8,18.2,81,109,0
27.5,2.5,34.5,0.4,0.2,1.2,0.52,0.32,0.81,0.53,0.46,0.18,10.3,1.4,0.9,11.3,43.7,107,120,0
26.5,1,26.5,0.2,0.3,1.8,0.54,0.3,1,0.6,0,0.44,8.3,2.2,2.3,18.4,20.9,117,113,0
28,3.666666667,55,0.4,0.4,2,0.48,0.39,0.82,0.56,0.66,0.14,8.1,1.4,1.4,13.5,20.5,108,109,0
26,0,5,0.4,0,0.6,0.57,0,0.71,0.55,0.13,0.44,18.6,2,0,5,17.6,129,111,0
22.5,1,26,0.5,0.5,2.3,0.58,0,0.63,0.55,0.17,0.44,6,1.7,2.6,20.3,20.4,107,106,0
20.5,13,63.5,0.9,2.4,3.3,0.74,0.3,0.6,0.73,0,0.46,4.2,1.8,10,9.1,13.3,144,107,0
22,0,5,0,0,0,0,0,0.75,0,0.5,0,0,0,0,33.3,12,0,113,0
20.5,0.5,53.5,0.4,1.4,2.2,0.56,0.36,0.67,0.55,0.37,0.26,7.4,1.2,8.9,13.7,17.8,111,103,0
23,4.666666667,50,1,0.2,1.2,0.8,0.41,1,0.73,0.32,0.33,41.2,5.9,1.1,12.7,17.2,151,112,0
23,6,57.66666667,0.5,0.7,2.2,0.66,0.14,0.63,0.66,0.02,0.51,10.1,1.4,3.4,13.4,23.8,129,110,0
21.5,5,40,0.6,0.5,3.6,0.67,0.34,0.82,0.67,0.45,0.36,10.1,1.5,2.4,17.2,21.7,119,114,0
26,0,4,1.8,0,1.5,0.36,0.33,0.33,0.38,0.18,0.18,4.4,5.4,0,5.2,12.9,85,101,0
20,0,9,0.1,0.1,0.8,0.4,0.3,0.38,0.41,0,0.8,4.1,1.4,2.6,18.2,21.2,81,107,0
27.5,0,12.5,0.2,0.1,0.7,0.41,0.1,0.53,0.39,0.33,0.67,45.1,1.6,1.4,34,23.7,79,113,0
25,3,7,0.3,0.1,2.9,0.67,0.31,0.75,0.53,0.78,0.18,5.8,0.5,0.4,6.5,16.2,104,118,0
23,3,5,0.4,0.2,1.6,0.23,0.36,0.75,0.38,0.46,0,11.6,1.1,0.8,17.2,13.7,76,113,0
25,0,20,1.6,0.3,1.4,0.43,0.33,0.6,0.47,0.53,0.09,8.9,4.1,1.5,14.4,15.7,91,107,0
20,57.66666667,68.66666667,0.9,2.1,3.2,0.54,0.36,0.81,0.59,0.25,0.35,7,1.5,5.9,11.6,20.9,115,106,0
25.5,4.5,59.5,0.6,0.1,1.2,0.47,0.38,0.89,0.53,0.35,0.23,21.6,2.3,0.9,23.7,18.6,103,103,0
19,5,48,0.3,0.3,1.5,0.55,0.24,0.64,0.51,0.39,0.29,5.1,1.1,2.1,8.1,13.7,108,115,0
23.66666667,10.33333333,28,0.6,0.3,1.2,0.47,0.3,0.75,0.49,0.16,0.23,23.3,1.7,0.9,17.9,16.8,105,114,0
23,2,39,0.3,0.2,1.5,0.45,0,0.68,0.49,0.01,0.34,8.7,1.2,1.6,17.5,16.3,100,112,0
25,0,6,0.3,0.3,0.7,0.8,1,1,1.5,1,0.1,23.3,1.1,2,27.7,45,300,113,0
20,11,30,0.6,0.7,2.8,0.47,0.33,0.7,0.51,0.4,0.22,11.2,1.8,3.7,7.6,24,105,110,0
28,7.333333333,64,0.7,0.4,2.6,0.56,0.42,0.8,0.59,0.53,0.23,11.4,1.8,1.6,15.3,16.4,114,111,0
22,0,24,0,0,0.5,0.24,0.17,0.88,0.31,0.46,0.21,12.1,0,0.5,23.4,17.2,65,109,0
21,50.66666667,64.33333333,1.8,1.9,2.9,0.6,0.5,0.69,0.62,0,0.39,10.5,3.1,5,18.7,18.8,119,103,0
24.5,3.5,64.5,1.1,0.1,1.7,0.49,0.31,0.61,0.51,0.2,0.23,26.6,3.9,0.6,22.8,17.9,97,104,0
22,0,28,0.3,0.1,1.2,0.39,0.24,0.68,0.43,0.28,0.33,6.3,1.3,0.9,18.1,17.4,84,106,0
24,23,74,0.4,0.1,2,0.42,0.41,0.8,0.52,0.31,0.23,5.7,1,0.4,8.3,21.4,104,113,0
21,0,41,0.3,0.2,1.1,0.34,0.34,0.61,0.44,0.52,0.12,20.3,1,1.2,14.3,22.8,91,113,0
21.5,46,58.5,0.9,0.7,2.4,0.63,0.41,0.84,0.65,0.49,0.2,8.1,1.5,2.2,8.6,17.8,127,108,0
20,0,15,0.1,0.5,0.9,0.63,0.14,0.52,0.58,0.15,0.44,12.6,0.3,3.5,13.6,14.8,118,110,0
23.5,1,29,0.3,0.1,0.8,0.5,0.31,0.77,0.5,1,0.16,13.9,1.7,1.4,14.7,16,101,111,0
27,3,18,0.2,0.1,1.1,0.5,0.37,1,0.58,0.57,0.19,23,1.2,0.5,27.2,18.2,99,108,0
29,6,52,0.6,0.4,2,0.59,0.36,0.73,0.58,0.65,0.22,10.2,1.6,1.8,12.1,15.9,114,112,0
23,0,9,0.2,0.3,0.9,0.41,0.25,0.33,0.39,0.49,0.09,6.7,0.8,2.3,5.5,13.3,82,112,0
25,0,9,0.1,0.1,0.2,0.2,0,1,0.25,0.29,0.29,22.3,1.7,3,20.2,15.5,80,108,0
22,21,75.33333333,0.6,0.4,1.8,0.47,0.37,0.86,0.54,0.6,0.24,12.9,1.2,1.2,15.5,16.7,100,113,0
22,66.4,74.6,1.4,0.8,3.1,0.63,0.4,0.85,0.64,0.28,0.32,37,2.3,2.3,15.7,27.4,126,109,1
24,18.66666667,72.66666667,0.9,0.8,2.3,0.52,0.39,0.81,0.56,0.6,0.46,9.7,1.8,2.6,12.9,22.8,111,105,0
26,36,58,0.7,0.8,2.8,0.56,0.3,0.76,0.61,0,0.44,4.9,1.2,3,22.5,22.5,117,111,0
23.5,57.25,66.25,1.1,1.1,3,0.55,0.38,0.79,0.57,0.17,0.2,21.9,1.7,3.1,13,28,115,105,1
20,32.33333333,59,0.4,0.4,2.1,0.49,0.39,0.75,0.53,0.17,0.35,3.7,1.2,2.7,17.1,17.3,106,110,0
23.5,2,42,0.4,0.1,1.3,0.42,0.29,0.71,0.44,0.25,0.25,19.9,1.8,0.4,18.7,24.7,88,112,0
23,20,65,0.7,0.2,1.7,0.52,0.4,0.82,0.55,0.5,0.31,11.8,2.1,1.2,14.4,21.1,109,109,0
24,4,75.66666667,0.9,0.1,1.9,0.45,0.36,0.78,0.5,0.35,0.19,17.9,2,0.4,19.3,21.8,96,108,0
26,0,20,0.1,1.3,2,0.51,0.3,0.5,0.52,0,0.34,5.3,0.3,12,24.4,12.9,96,101,0
22.5,49.5,76.5,1.2,0.4,2.1,0.49,0.38,0.81,0.55,0.35,0.22,12.2,2,1.1,11.9,21.8,110,112,0
21,43.33333333,68,1.4,0.7,2.5,0.6,0.38,0.69,0.6,0.57,0.18,7.5,2.2,2.1,11.7,15.5,113,109,0
23.5,0,18.5,0.1,0.2,0.8,0.67,0.3,1,0.73,0,0.85,11.1,1.6,3.3,35.9,13.3,125,103,0
25,1.333333333,14.66666667,0.3,0.3,1.5,0.6,0.36,0.91,0.58,1,0.25,6,1.1,1.7,15.7,14.1,120,118,0
24,5,44,0.2,0.3,1.3,0.46,0.27,0.91,0.49,0.28,0.17,4,1,2.4,13.7,22.8,95,109,0
25,0,1,0,0,0,0.5,0.5,0.75,0.58,0.33,0,14.4,0,0,14.3,14.9,112,109,0
28,0,4,0.5,0,1.5,0.56,0.33,0.75,0.52,0.57,0,14.5,1.3,0,12.5,14.4,108,114,0
21.5,7,47.5,0.7,0.5,1.5,0.47,0.39,0.79,0.55,0.53,0.31,8.1,1.8,2.7,13.9,18.8,110,113,0
22,31,71,0.8,0.3,1.8,0.48,0.37,0.69,0.53,0.45,0.26,8.4,1.6,1.2,12.2,19.4,106,110,0
24.33333333,0.333333333,34.33333333,0.4,0.4,1.3,0.42,0.38,0.75,0.52,0.52,0.24,12.5,1.5,2.4,13,17.8,106,110,0
21,0,19,0.2,0.1,0.9,0.48,0.2,0.8,0.46,0.42,0.28,7,1.4,0.7,14.8,15,96,107,0
23,0,7,0,0.1,0.7,0.33,0.3,0.75,0.4,0,0.33,0,0,2.3,17.9,23.4,88,107,0
25.66666667,0.666666667,12.33333333,1,0,1.9,0.75,0.3,0.75,0.58,0.33,0.71,9.3,2.8,0,14.1,26.7,113,109,0
21,28.66666667,62,1.4,0.4,2.2,0.54,0.37,0.75,0.56,0.37,0.2,7.9,2.2,1.7,12.7,16.2,112,107,0
22.5,27,55.5,0.5,0.3,2.1,0.45,0.3,0.86,0.47,0.61,0.16,5.1,1.6,1.5,8.6,20.4,93,108,0
27.5,63,80,1.4,0.3,2.5,0.5,0.39,0.78,0.54,0.31,0.33,8.6,2.2,0.7,12.7,14.2,113,109,0
21,57,58,0.9,0.8,2.7,0.51,0.37,0.65,0.55,0.39,0.23,11.3,1.5,2.3,12.5,18.6,105,112,0
22,0,9.666666667,0.3,0.2,1.3,0.5,0.3,0.75,0.5,0.38,0.12,17.5,1.9,2,33.3,42.9,112,111,0
36,16,70.33333333,1.2,0,2,0.55,0.46,0.92,0.64,0.73,0.18,27.5,3.4,0.1,27.1,11.7,127,110,0
22,0,3,0.3,0,0.3,0.4,0,1,0.48,0.17,0.5,14.5,2.6,0,29.1,23.3,86,108,0
23.5,43.75,67.25,1,0.9,3,0.61,0.37,0.8,0.63,0.32,0.32,17,1.8,4.5,13.1,28.5,120,107,1
24,2,51.66666667,0.3,0.3,1.5,0.51,0.52,1,0.65,0.54,0.13,12.7,0.9,1.2,18.3,18.7,117,113,0
23,0,5,0,0,0.8,0,0,0.75,0,0.71,0,0,0,0,30,10.2,8,115,0
25,36.66666667,51,1.4,0.5,3.3,0.47,0.38,0.83,0.55,0.61,0.22,24.2,2.6,2.2,17.5,16.1,116,108,0
26,1,4,0.3,0,1.5,0.38,0,0.75,0.25,0.33,0,0,1.8,0,7.7,20.6,61,106,0
26,0,7,0,0.1,0.1,0,0,0.75,0.22,0.4,0.8,14.2,0,4.4,12.9,19.5,64,109,0
22,10.33333333,52.33333333,0.8,0.2,1.3,0.53,0.33,0.87,0.54,0.5,0.24,10.6,2.8,1.1,19.6,12.8,107,110,0
22,16,62.33333333,0.4,0.7,1.9,0.56,0.39,0.76,0.57,0.21,0.16,7.6,1,3,9.8,17.9,118,110,0
22,1,30,0.6,0.1,1,0.53,0.5,1,0.6,0.43,0.29,27.1,2,0.3,16,38.9,110,114,0
32,74.25,74.25,0.6,2,2.5,0.54,0.46,0.82,0.59,0.07,0.43,21.7,0.9,4.7,12.8,24.7,123,103,1
23.77777778,70.55555556,75.22222222,2.2,0.6,2.9,0.54,0.4,0.9,0.59,0.47,0.36,20.3,2.9,1.5,15.2,30.4,116,108,1
29.5,73.5,74.25,1.8,1.7,2.9,0.51,0.36,0.77,0.57,0.25,0.42,17.9,2.8,4.1,13.3,25.7,109,104,1
33,70.66666667,70.66666667,1.2,0.6,2.9,0.55,0.41,0.86,0.62,0.31,0.5,24.3,1.8,1.4,14.2,28.1,116,105,1
25,0,5,0.2,0.2,0.2,0,0,0.5,0.06,0.5,0.25,23.9,1.9,3.9,0,14.8,46,110,0
22.5,15,49,0.4,0.4,1.8,0.45,0.34,0.78,0.5,0.47,0.18,8,1.2,1.6,14.9,15.2,96,112,0
31.5,14.5,56.5,0.4,0.2,2.5,0.55,0.33,0.76,0.55,0.58,0.42,9.8,1,1.1,14.5,18.6,103,107,0
22,7,47.66666667,0.4,0.3,1.2,0.51,0.36,0.67,0.54,0.34,0.23,5.5,1.4,2,12.4,19.6,110,108,0
23,0,24,0.4,0,1.1,0.34,0.28,0.73,0.43,0.44,0.26,21,2,0.4,22.1,15.6,88,112,0
23,3.666666667,49.33333333,0.9,0.2,1.3,0.44,0.26,0.67,0.45,0.42,0.32,40.7,3.1,1.1,27,18.7,97,107,0
25,1,8,0.3,0,0.6,0.36,0.27,0.86,0.42,0.28,0.18,38,1.2,0,6.7,25.3,99,112,0
26,0,20,0.2,0.5,1,0.39,0.3,0.54,0.45,0,0.73,3.6,1.7,5.7,18.7,20.3,92,107,0
23,7.333333333,53.33333333,0.4,0.5,2.2,0.56,0.5,0.82,0.63,0.18,0.51,8.7,2,3.5,15.6,15.5,120,109,0
21,5.333333333,23,0.7,0.6,1.3,0.4,0.32,0.73,0.46,0.47,0.29,16.8,3,3.3,14.6,23.1,90,110,0
23,5,63,0.6,0.2,1.6,0.52,0.4,0.79,0.57,0.51,0.25,7.6,1.5,1.1,11.2,13.9,114,108,0
24,9.333333333,40.33333333,0.4,0,1.8,0.55,0.44,0.88,0.59,0.46,0.1,22.8,1.1,0.2,16,20.2,115,114,0
23,0,3,0,0,0,0,0,0.75,0,0.33,0,7.7,0,0,0,8.7,21,121,0
23,0.333333333,14.66666667,0.6,0.1,1.4,0.67,0.3,1,0.48,1,0.1,10.3,3.3,1,9.8,22.5,94,113,0
19,55,56,1,0.3,2.2,0.43,0.32,0.61,0.48,0.27,0.35,12.8,1.6,0.9,12.9,24,95,114,0
24.5,60,60,2.3,0.2,2.5,0.54,0.24,0.65,0.54,0.11,0.32,52.5,3.3,0.5,24.3,21.7,111,103,1
24.5,0,15,0.1,0.2,1.3,1,0.3,0.75,1,0,0.67,2.5,0.7,2.4,12.5,14.7,204,112,0
23,1,82,0.7,0.1,1.7,0.47,0.07,0.72,0.51,0.03,0.42,23.3,1.6,0.2,17.2,19.9,101,113,0
20,2.666666667,46.33333333,0.5,0.2,1,0.47,0.38,0.8,0.55,0.66,0.11,8.7,2.1,1.9,9.3,17.2,107,113,0
24,17.66666667,54,0.8,0.1,1.5,0.52,0.4,0.89,0.55,0.39,0.23,23,3.2,1.2,19.5,18.3,105,108,0
21,1,10,0.1,0,0.7,0.37,0.25,0.67,0.42,0.31,0.31,15.2,0.4,0,15.3,19,93,117,0
35,80,80,1,0.2,1.8,0.52,0.44,0.88,0.62,0.39,0.22,12.7,1.4,0.4,9.8,19.8,116,104,1
23,15.33333333,51.33333333,0.7,0.2,1.5,0.48,0.37,0.8,0.5,0.29,0.18,21.3,1.6,1.2,14.4,18.2,102,112,0
21,3,14,0.6,0.6,1.6,0.57,0,0.33,0.52,0.06,0.26,5.1,2.9,4.5,14.7,17.8,99,108,0
22,0,14,0.1,0,0.5,0.62,0,0.6,0.45,0.32,0.26,3.5,0.6,0,12.4,13.6,88,112,0
23,0.666666667,38.66666667,0.3,0.1,0.8,0.47,0.42,0.93,0.58,0.66,0.15,9.2,1.5,0.9,9.8,15.4,125,108,0
26,0,3,0,0,0,0.5,0.5,0.75,0.75,1,0,0,0,0,0,12.7,143,116,0
22,12,65,1.1,0.2,1.8,0.57,0.34,0.89,0.53,0.39,0.19,23.1,2.6,1,17.3,22.6,108,106,0
24,10.66666667,45.66666667,1,0.3,2,0.56,0.42,0.84,0.59,0.42,0.23,14.7,1.4,0.5,10.8,18.9,118,114,0
23,6.666666667,52,0.7,1,2.4,0.62,0.35,0.7,0.61,0.2,0.33,12.3,1.7,4.3,11.2,18.6,121,109,0
21.5,0,14,0.4,0.1,1.2,0.33,0.38,1,0.51,0.47,0.24,13,1.6,0.3,19.7,28.6,99,113,0
22,53.33333333,60,2.4,0.2,2.7,0.39,0.34,0.8,0.49,0.24,0.51,38.8,4.2,0.4,22.2,21.2,106,104,0
24.5,4.5,49,0.4,0.2,1.9,0.52,0.36,0.94,0.54,0.5,0.17,5.6,1.2,1,8.9,12.6,110,113,0
24,32.66666667,48,1.6,0.6,3.5,0.67,0.37,0.82,0.57,0.79,0.29,9.8,2.9,1.6,15.3,21.8,112,106,0
24,11.33333333,54.66666667,0.4,0.7,2.1,0.48,0.3,0.68,0.51,0,0.31,7.4,1.3,3.6,15.9,15.5,105,110,0
21.5,1.5,27.5,0.9,1.3,1.7,0.71,0.3,0.6,0.7,0,0.4,9.5,3,12.5,21.5,12.3,132,100,0
21.5,43.5,59,0.3,1,2.3,0.59,0.3,0.74,0.62,0,0.43,1.3,0.9,3.8,10.7,20.4,123,110,0
20.5,25,51,0.7,0.4,2.3,0.54,0.39,0.78,0.55,0.49,0.21,9.4,1.6,1.5,19.3,18.4,102,109,0
23,51.66666667,62.66666667,0.9,0.2,2.6,0.47,0.37,0.86,0.54,0.46,0.21,14.4,1.5,0.9,10.5,22.9,109,107,0
26,37.33333333,54,0.6,0.2,1.8,0.55,0.43,0.72,0.6,0.49,0.16,10.3,1.3,0.9,11.5,15.4,124,111,0
23,2,16,0.2,0.2,1.6,0.4,0.25,0.87,0.42,0.49,0.14,8.5,0.5,0.8,8.1,18.7,86,115,0
23,67,73,1.4,0.2,2.8,0.42,0.23,0.83,0.48,0.07,0.32,24.7,2.2,0.4,11.4,26.4,103,112,0
22,18,45.66666667,1.1,0.5,2.7,0.58,0.41,0.84,0.62,0.37,0.17,22.7,2.6,1.9,16.6,26.7,111,107,0
25,0,13,0.1,0,0.5,0.61,0.25,0.82,0.57,0.4,0.37,20,0.5,0,14.7,19.1,110,110,0
20,1,27,0.3,0.2,1.1,0.46,0.22,0.7,0.47,0.36,0.36,2.6,1.3,1.9,10.8,11.9,98,110,0
24,4.666666667,32,0.9,0.2,1.4,0.45,0.33,0.83,0.5,0.65,0.44,17.3,3.3,1.3,20.4,14.8,104,116,0
22,42,58.33333333,1.3,0.7,2.3,0.49,0.29,0.79,0.55,0.12,0.47,14.2,3.2,2.1,15.1,22.2,108,109,0
24.75,73.75,77,0.5,2.2,3.5,0.5,0.5,0.77,0.54,0.01,0.36,13.5,0.9,5.7,15.5,23.6,109,106,1
25,25,71.66666667,0.7,0.4,2.8,0.57,0.39,0.8,0.59,0.66,0.27,12,1.6,1.3,16.2,14.6,119,109,0
22,0,3,0,0,0.7,0,0.3,0.75,0,0,0,0,0,0,0,4.9,0,117,0
24.5,2.5,70,1.1,0.2,1.7,0.45,0.37,0.87,0.54,0.63,0.25,16.9,2.6,0.6,13.4,18.7,108,108,0
23.25,39.75,62.5,0.8,2.3,3.2,0.7,0.3,0.62,0.7,0.01,0.88,8.2,1.6,7.4,23.8,16.1,130,104,1
21,41,41,0.8,0.2,2.2,0.52,0.27,0.83,0.54,0.16,0.24,8.3,1.3,0.5,7.5,18.7,112,117,0
23.5,0,13.5,0.3,0.1,1.1,0.43,0.2,0.92,0.49,0.44,0.59,25.4,3.9,1.4,28.1,30.1,83,106,0
25.72727273,75.27272727,75.27272727,2.1,0.5,3.5,0.52,0.34,0.85,0.55,0.3,0.45,57.3,3,1.1,16.8,41.7,115,109,0
21.5,10,63.5,0.5,0.6,2.1,0.51,0.39,0.87,0.59,0.65,0.22,7.1,1.4,2.1,11.7,24.4,122,103,0
24,12,54.33333333,0.8,0.1,2.1,0.8,0.39,0.87,0.59,0.76,0.24,18.9,2.1,0.3,23,12.5,121,115,0
28.5,0.5,29.5,0.3,0.2,0.9,0.58,0.41,0.88,0.62,0.86,0.15,8.3,1.3,1.9,10.6,16.3,116,114,0
23,19.66666667,49,0.6,0.8,2.5,0.48,0.34,0.83,0.55,0.43,0.36,10.9,1.4,2.5,9.8,17.9,110,112,0
25,0,5,0,0,0.2,0.8,0.3,0.75,0.8,0,0,0,0,0,16.7,16,128,112,0
30,6,56,0.4,1.1,2.1,0.66,0.33,0.59,0.65,0.02,0.59,7.2,1.8,8.2,19.6,14,122,102,0
22,1,51,0.5,0.3,1.1,0.59,0.32,0.75,0.55,0.44,0.22,7.7,8.2,1.2,10.4,15.5,115,111,0
25,16.33333333,64.33333333,0.9,0.3,1.5,0.49,0.34,0.78,0.53,0.13,0.35,6.9,2.4,1.2,14.1,22.1,106,112,0
23,3.666666667,36.33333333,0.4,0.5,2.4,0.46,0.3,0.7,0.52,0.02,0.51,6.3,1.3,2,16.5,22.1,98,112,0
30,0,25,0.2,0.2,0.4,0.53,0.3,0.46,0.53,0,0.65,4.5,2.2,4.3,24.3,13.7,100,100,0
25,0,5,0.3,0,0.5,0.6,1,1,0.78,0.17,0.33,44.2,4.8,0,53.8,31,165,113,0
26,0,1.5,0.5,0,0,0,0.3,0.5,0.27,0.5,2,18.8,7.4,0,34.7,31.1,53,118,0
26,8,35,0.8,0.1,1.7,0.54,0.34,1,0.58,0.65,0.33,14.6,2.1,0.3,13.8,23.8,110,115,0
23,0,20,0.4,1,2.1,0.44,0,0.53,0.45,0.02,0.39,0.7,1.9,6.2,25.9,15.6,79,106,0
19,19,38,0.5,0.2,2.1,0.46,0.29,0.67,0.47,0.42,0.2,3.6,1.3,0.9,12,16.9,90,114,0
24,1,64,0.4,0.1,1.2,0.41,0.19,0.55,0.39,0.28,0.14,18.1,1.4,0.6,15.4,12.2,91,111,0
24,2.666666667,63.33333333,0.3,0.1,1.2,0.57,0.37,0.89,0.56,0.67,0.25,5.1,1,0.6,10.8,14.1,119,112,0
24.5,8.5,34.5,0.4,0.6,2.5,0.56,0.3,0.65,0.59,0,0.55,5.1,1.6,3.1,19.8,14.6,105,108,0
21,36.66666667,73.66666667,0.5,3.7,3.3,0.54,0.5,0.75,0.58,0.01,0.3,2.5,1,9.8,14.2,16.2,119,104,0
21,7.333333333,31.66666667,0.7,0.1,1.4,0.51,0.3,0.93,0.56,0.54,0.38,12.3,2.1,0.5,21.8,14.4,105,114,0
24,3,16,1,0.1,1,0.46,1,0.83,0.6,0.5,0.24,15.6,7.9,0.4,12.7,17.4,114,112,0
22,4.333333333,52.33333333,0.5,0.2,1.3,0.52,0.39,0.76,0.56,0.22,0.37,9.6,1.4,0.6,10.2,25.3,113,115,0
24,4,53,0.8,0.1,1.5,0.43,0.37,0.79,0.53,0.52,0.27,23.1,3.1,0.3,24.3,21.2,102,109,0
20.5,68,72.5,1.2,0.7,2.1,0.51,0.37,0.8,0.57,0.24,0.34,17.8,2.1,1.7,15,23.7,111,112,0
22.5,8,26,0.6,0.4,2.2,0.54,0.45,0.77,0.63,0.51,0.24,17.4,1.5,2.3,13.7,19.6,117,111,0
21,0,4,0,0.3,0.5,0.67,0.5,1,0.77,0.4,0.4,32.1,0,8.8,0,22.9,164,107,0
26,0,2,0,0,0.5,0.33,0.3,0.75,0.33,0,0,0,0,0,25,14.9,64,114,0
22,13,67.33333333,1.2,0.2,2,0.48,0.36,0.78,0.52,0.28,0.21,29.3,2.7,0.6,21,17.7,102,110,0
25,7.666666667,46.33333333,1.2,0.4,1.8,0.54,0.38,0.78,0.56,0.26,0.31,22.2,3.4,3.7,13.5,18.1,116,110,0
24,0,18,0.5,0.5,2.7,0.6,0.37,0.54,0.6,0.17,0.32,10.7,1.9,3.1,9.5,25.4,118,106,0
23.5,0,13.5,0.3,0.1,1,0.56,0.17,0.78,0.55,0.18,0.55,10.9,2.4,2,29.6,23.9,114,103,0
24,3,30,0.3,0.1,0.6,0.51,0.23,0.85,0.52,0.4,0.36,7,1.4,0.6,5.4,14,112,112,0
22,4.666666667,56,0.7,0,1.4,0.52,0.37,0.87,0.54,0.39,0.27,28.8,1.9,0.2,20.4,19,105,109,0
23,0,20,0.1,0,0.1,0.33,0.2,1,0.33,0.4,0.04,19.6,1.6,0,13.6,20.9,73,111,0
22,0,3,0,0.3,0,0.5,0.3,0.75,0.5,0,0,78.5,0,26.3,0,29.4,124,88,0
23.5,9,68.5,0.7,0.3,1.7,0.45,0.38,0.74,0.52,0.31,0.69,7.8,2.1,1.8,23.8,12.1,101,111,0
21,13.66666667,38.33333333,0.5,0.8,2.2,0.56,0.46,0.81,0.59,0.27,0.35,9.1,1.4,3.7,16.3,21.3,110,111,0
22.5,0,13,0.2,0.6,0.8,0.36,0.3,0.88,0.42,0,0.22,4.6,1.8,6,15.9,17.2,95,112,0
23,27,56.33333333,0.8,0.2,2.2,0.59,0.33,0.86,0.55,0.58,0.3,11.9,2.1,1,23.2,15.9,110,105,0
23.5,23.5,64,0.6,0.4,1.8,0.53,0.28,0.77,0.53,0.12,0.18,11.6,1.5,1.4,13.4,20.3,104,116,0
22,6.333333333,35,0.7,0.4,2,0.48,0.38,0.91,0.58,0.39,0.61,34.9,2.2,1.3,15.2,21.1,116,112,0
21,59,72,0.4,1.2,2.8,0.49,0.3,0.69,0.51,0.13,0.16,13.2,0.9,3.2,15.5,19.6,101,109,0
20,19,73,1.4,0.3,2.4,0.44,0.31,0.78,0.48,0.42,0.26,10.8,2.5,1.5,15.5,19.6,97,107,0
27,0,4,0,0,0.8,0,0,0.75,0,0.33,0,8,0,0,40,14.6,13,112,0
25.66666667,67.77777778,68.44444444,2.1,0.4,3.2,0.6,0.46,0.93,0.68,0.6,0.35,39.9,3,0.9,17,32.6,125,112,1
20,0,19,0.1,0.3,0.9,0.32,0.3,0.6,0.35,0,0.16,5.3,0.9,3.7,8.3,14.8,86,108,0
23,4,52.33333333,0.6,0.2,1.5,0.56,0.36,0.88,0.56,0.52,0.16,10.7,2,1.4,13.4,16.7,109,110,0
36,71.5,71.5,0.6,0.1,1.3,0.58,0.43,0.94,0.63,0.3,0.26,53.1,1,0.3,27.1,22.9,121,114,1
21,55.66666667,77,0.5,1.2,3.2,0.61,0.3,0.58,0.62,0.01,0.74,5.5,1.7,3.9,22.5,14.3,123,105,0
24,4,37.66666667,1,0,1,0.55,0.34,0.62,0.52,0.36,0.56,28,3.7,0.3,18.3,24,107,110,0
21.5,13.5,49,0.7,0.1,1.6,0.43,0.4,0.81,0.58,0.7,0.17,12.3,1.6,0.3,12.4,17.1,110,116,0
21,0.666666667,45.33333333,0.3,0.3,0.8,0.6,0.43,0.63,0.57,0.31,0.17,6.9,2,3.2,8.6,18.5,119,112,0
24,23,79.33333333,1.7,0.2,1.7,0.51,0.44,0.81,0.55,0.19,0.18,37.5,3.1,0.6,22.5,17,109,108,0
22,21.33333333,51,1.2,0.6,2.7,0.56,0.4,0.77,0.55,0.16,0.19,7.2,1.8,1.5,10.8,19.9,113,113,0
24,0,6,0,0.3,0.8,0.75,0.3,0.33,0.71,0,0.25,0,0,7.7,18.4,29,98,98,0
24,0,1,0,0,2,1,0,0,0.58,0.33,0.33,0,0,0,0,18.1,108,114,0
25,29.66666667,75,0.6,1.3,3.4,0.5,0.3,0.68,0.52,0.02,0.33,5.9,1.2,4.6,13.9,18.6,109,103,0
19,0,2,0.5,0,0,0.5,0,0.75,0,1,0,44.9,9.5,0,0,8.4,93,94,0
24,18.33333333,56.33333333,0.4,0.7,2.6,0.58,0.5,0.75,0.58,0.01,0.43,5.6,1.4,3.3,15.1,15.7,118,111,0
24,0,3,0.3,0,0.3,0.33,0,1,0.34,0.4,0.4,0,3.2,0,0,16.7,95,111,0
23,46.33333333,65.33333333,1,0.5,2.6,0.5,0.39,0.84,0.58,0.53,0.33,13.9,2.2,2.4,15.7,22.1,106,115,0
23,0,8,0,0.3,0.5,0.5,0,0.5,0.43,0.2,0.4,4.3,0,4.4,7.8,17.6,87,113,0
23,6,35,0.2,0.1,1,0.45,0.25,0.75,0.47,0.22,0.22,17.9,1.4,1.6,19.1,11.2,101,109,0
22,2,64,0.5,0.2,1.6,0.55,0.4,0.87,0.6,0.57,0.13,14.6,1.4,1.1,13.6,18.9,113,106,0
20,41,61.66666667,0.5,0.3,3.1,0.64,0.37,0.9,0.57,0.78,0.12,5,1.6,1.2,12.6,10.6,115,114,0
24.5,0.5,21,0.4,0.2,1.5,0.48,0.21,0.7,0.43,0.47,0.37,12.2,1.5,1.8,35.1,17.1,87,109,0
22,31.66666667,42.66666667,0.7,1.8,2.4,0.58,0.35,0.77,0.58,0.2,0.31,8.6,2.2,5.2,11.4,18.4,119,105,0
22,41.66666667,78.66666667,0.8,0.3,2.3,0.46,0.4,0.84,0.55,0.54,0.13,7.2,1.8,1,10,19.6,107,110,0
23,3,43,0.7,0.2,1.6,0.45,0.35,0.72,0.49,0.23,0.23,22.4,1.9,0.9,21,24.7,96,110,0
22,5.333333333,64.33333333,1,0.2,1.5,0.41,0.38,0.8,0.52,0.5,0.19,17.5,1.9,0.8,14.7,20.4,109,108,0
21,45,67,1.2,0.2,2,0.5,0.35,0.69,0.52,0.17,0.2,7.5,2,0.6,12.5,21.5,102,111,0
25,1,10,0.3,0.1,1,1,0,0.75,0.75,0.25,0.42,13.8,2.9,1.9,20.5,30.2,140,110,0
23.5,0,25.5,0.5,0.1,1.1,0.48,0.26,0.94,0.49,0.63,0.3,22,2.2,0.9,17.9,22.4,94,111,0
21,27,41.66666667,0.4,0.9,2.2,0.69,0.41,0.78,0.67,0.48,0.43,11.9,0.8,3.8,12.1,18.3,130,115,0
22,1.333333333,64.66666667,0.6,0.4,1.9,0.49,0,0.56,0.5,0.01,0.41,7.6,2,1.9,19.3,20.2,102,107,0
22,0,11,0,0,0.3,0.67,0.43,0.5,0.65,0.54,0.15,20.5,0,0,6.7,17.7,130,115,0
20,17,65,0.5,0.8,2.2,0.52,0.38,0.7,0.56,0.57,0.31,6.3,1.5,4.4,11,17.8,114,110,0
27,22,66.66666667,0.8,0.8,2.3,0.62,0.3,0.73,0.65,0.01,0.73,10,2,3,17.1,20.7,118,103,0
26,0,12,0.1,0.2,1.6,0.48,0,1,0.46,0.08,0.08,4,0.6,2.1,23.6,19.1,82,106,0
35.25,74.75,75,0.8,2.7,2.1,0.52,0.29,0.82,0.56,0.01,0.38,17.8,1.4,6.4,12.1,27.8,116,101,1
25,13.33333333,42.33333333,0.9,0.1,2.4,0.45,0.33,0.76,0.5,0.32,0.34,39.4,2.2,0.3,26.2,19.4,106,110,0
22,10.66666667,67.33333333,0.5,0.2,1.8,0.54,0.36,0.89,0.56,0.54,0.22,13.5,1.2,0.7,9.5,23.8,112,114,0
24,0,3,0.3,0,0.3,0.33,0.3,1,0.44,0,0.33,11.8,4.2,0,53.8,27.1,46,104,0
22.5,0,9.5,0.1,0.2,0.4,1,0.39,1,0.52,0.67,0.67,21.1,1.2,3,34,22.8,88,111,0
25,16.66666667,43.33333333,0.3,1,2,0.53,0.3,0.77,0.56,0.02,0.39,4.9,1.4,4.8,20.3,17.4,107,108,0
22,11,57,0.5,0.2,2.2,0.48,0.34,0.85,0.54,0.59,0.34,9.6,1.4,1,15,17.8,101,113,0
20,26.33333333,52.66666667,0.7,0.8,2.3,0.51,0.32,0.82,0.54,0.21,0.34,8.8,1.4,2.6,13.9,22.2,108,107,0
26,29,70,1,0.2,2.2,0.54,0.47,0.82,0.62,0.31,0.3,24.8,1.8,0.8,19,14.1,124,116,0
24,10,58.33333333,1.1,0.1,2.2,0.51,0.39,0.85,0.57,0.51,0.17,19.6,2.3,0.2,15.7,24.4,113,113,0
21,0.666666667,20.66666667,0.7,0.7,2,0.66,1,1,0.68,0.09,0.26,5,2.7,4.4,15.1,23.6,135,107,0
22.5,0,12,0.3,0.1,0.4,0.75,1,0.75,0.6,0.2,1.58,22.6,5.2,3,16.4,22.6,132,109,0
30,64.66666667,64.66666667,1,0.1,1.4,0.53,0.37,0.85,0.59,0.07,0.33,40.4,1.5,0.3,13.1,27.7,116,107,1
23,22.33333333,71,0.4,0.3,1.6,0.49,0.37,0.91,0.55,0.53,0.15,9.1,1.3,1,12.8,14.9,108,109,0
20,10.33333333,45.66666667,1.6,0.3,2.4,0.49,0.26,0.72,0.49,0.33,0.42,34.9,2.7,1.2,22.7,30.5,94,111,0
21.5,0,22.5,0.2,0.1,0.7,0.59,0.5,0.56,0.5,0.21,0.7,14,1.7,0.8,27.6,20.3,86,111,0
28,20.33333333,54.66666667,0.5,0.6,2.3,0.61,0.33,0.7,0.56,0.52,0.26,6.3,1.2,3.4,11.6,12.4,115,112,0
24.5,0,28,0.4,0,0.9,0.44,0.42,1,0.51,0.09,0.4,21.5,2.8,0.2,40.5,24.9,93,109,0
20.66666667,67,67,1.1,0.2,1.7,0.5,0.36,0.86,0.6,0.46,0.45,45.6,1.4,0.5,17.6,34.9,114,117,1
21,0,10,0.2,0.2,0.4,0.36,0.3,0.44,0.39,0,0.64,17,2.4,3.7,10,20.5,98,105,0
25.5,0.5,34,0.3,0.3,1.8,0.41,0.37,1,0.5,0.65,0.12,9.9,1.2,1.8,13.7,17.5,98,112,0
22,0,10,0.5,0.2,1.1,0.5,0.18,1,0.44,0.49,0.17,18.8,2.7,2.1,21,22.9,83,106,0
24,8,41.66666667,0.5,0.2,1.9,0.45,0.6,0.82,0.61,0.67,0.38,7.8,1.6,0.8,9.9,12.8,122,112,0
20,0,3,0,0,0,0.5,1,0.75,0.83,0.33,0,59,0,0,0,20.9,179,110,0
24,20,54.33333333,1,0.9,2.8,0.55,0.5,0.67,0.58,0.02,0.4,7.4,2,3,13.2,15.6,118,109,0
22,37,70,0.9,0.2,2.1,0.46,0.34,0.9,0.51,0.4,0.14,29.4,1.5,0.5,12.2,25.3,102,115,0
25,0,2,0.5,0,0,1,0.3,0.75,1,0,0,0,10.3,0,0,8.8,200,91,0
26.5,0,9.5,0.1,0.1,1.5,0.57,0.33,1,0.65,0.09,0.36,17.4,0.9,0.8,23.6,20.2,108,117,0
21,13,74.66666667,0.4,0.5,1.5,0.56,0.38,0.72,0.59,0.47,0.26,10.1,1.2,2,12.1,21.7,116,110,0
27,0,1,0,0,0,0.5,0.3,0.75,0.53,0,0,0,0,0,0,0,105,117,0
21,0,24,0.1,0.1,0.4,0.42,0.31,0.71,0.45,0.21,0.12,4.5,1.4,2.1,8.6,27.2,90,105,0
21,63,74.66666667,0.7,1,2.9,0.49,0,0.69,0.53,0.01,0.45,6.9,1.2,3.3,13.3,19.2,110,108,0
19.5,12,56.5,1.2,0.1,1.8,0.5,0.35,0.75,0.53,0.3,0.23,14.9,2.3,0.6,10.5,17,110,115,0
23,0,4,0.3,0,0,0.4,0.67,0.75,0.63,0.38,0,42.5,3.1,0,0,21.8,144,107,0
23,0.333333333,31.66666667,0.3,0.1,1.2,0.5,0.48,0.85,0.68,0.81,0.08,11.4,1.2,0.5,11.2,21.3,126,114,0
23,5.666666667,24,1,0.4,2,0.56,0.32,0.67,0.54,0.45,0.28,7.7,3.2,2.2,15,20.1,106,111,0
22,0,28,0.5,0.1,1,0.41,0.28,0.79,0.44,0.44,0.13,18.8,2.1,0.8,13.8,17.6,93,112,0
23,33.33333333,68.66666667,1.3,0.1,1.7,0.54,0.41,0.82,0.6,0.26,0.36,30.2,2,0.2,15.4,21.2,118,111,0
23.5,0.5,25,0.2,0.1,1.6,0.56,0.36,1,0.57,0.59,0.2,7.8,0.8,0.7,8.4,14.8,119,112,0
22,0,11,0.1,0,0.4,0.7,0.3,0.83,0.75,0,0.6,4.5,1.4,0,7.3,16.7,150,116,0
21,0,1,0,0,0,0,0.3,0.75,0,0,0,0,0,0,0,40.7,65,116,0
21.5,8,52,0.3,0.1,1.1,0.48,0.36,0.71,0.51,0.52,0.23,12.5,1,0.4,8.5,20,104,114,0
21,3.333333333,44,0.5,0.2,1.4,0.48,0.39,0.84,0.52,0.34,0.18,27.3,2.2,1,22.2,20.6,102,114,0
25,10,55,0.8,0.3,2.4,0.47,0,0.81,0.53,0.02,0.58,9,2,1.1,9.8,25.5,109,107,0
20,6,47,0.6,0.1,1.3,0.43,0.39,0.84,0.53,0.48,0.15,11.1,1.1,0.5,11.3,22,100,112,0
21.5,0,12,0.3,0.2,0.2,0.33,0.33,1,0.38,0.18,0.21,11.5,2.3,2.5,29.6,23.4,92,111,0
23,2.333333333,47,1.2,0.6,2.4,0.53,0.38,0.8,0.58,0.3,0.31,16.6,2.9,1.6,14.8,20.9,112,107,0
21.5,0,13,0.1,0,0.4,0.63,0.4,0.75,0.6,0.56,0.17,8.2,1,0,17.2,10.6,116,120,0
22,19.33333333,44.33333333,1,0.1,1.7,0.5,0.3,0.83,0.53,0.27,0.18,30.5,2,0.4,17.6,20.3,105,122,0
24,41,76.33333333,0.5,0.9,3.3,0.55,0.3,0.82,0.59,0.01,0.42,10.8,0.9,3,14.9,19.6,119,110,0
21,62,64,1.5,0.5,2.8,0.49,0.29,0.78,0.53,0.16,0.4,26.1,2.1,1,14.9,26.2,107,111,0
24,6.333333333,35.33333333,0.9,0.4,2.8,0.48,0.25,0.78,0.52,0.34,0.39,11.8,2,1.3,16.3,18.7,102,115,0
22.5,1.5,30.5,0.5,0,1.3,0.35,0.46,0.8,0.43,0.15,0.33,21.4,3.2,0.3,22.9,25.8,80,110,0
30,66,66,0.6,1.1,2.8,0.64,0.3,0.69,0.67,0,0.65,4.5,1,3,14.5,13,133,104,1
20,3.666666667,59.66666667,1.2,0.1,1.3,0.53,0.36,0.88,0.57,0.4,0.25,28,3.2,0.6,16,16.1,119,111,0
22.66666667,0.333333333,3.333333333,1.5,0,2,0.67,0.2,0.5,0.4,0.4,1.25,16.8,2.1,0,33.8,24.3,72,114,0
25,0,23,0.2,0.2,0.4,0.54,0.3,0.57,0.56,0,0.4,6.4,1.6,2.3,6.8,15.1,121,105,0
25.5,0,22.5,0.2,0.4,1.3,0.72,0.3,0.5,0.54,0,0.8,6.6,1.2,3.2,24.5,18.3,109,110,0
24,0,5,0,0,0,0,0,0,0,0.33,0.67,0,0,0,0,18.6,0,116,0
25,5.333333333,26.66666667,0.5,0.2,1.5,0.58,0.55,0.91,0.6,0.55,0.26,9.1,1.7,1.1,19,14.1,102,110,0
23.4,55.6,67,2.4,0.8,2.6,0.53,0.37,0.83,0.58,0.37,0.34,25.2,3.5,2,19.2,30.1,110,108,1
22,0,2,0,0,0,0.5,0.25,0.75,0.38,1,0,0,0,0,0,10.9,95,118,0
23,0,4,0,0.3,0,0.6,0.3,0.75,0.6,0,0,0,0,13.4,16.7,38.5,104,107,0
26,0,21,0.1,0.3,1.1,0.48,0.5,0.86,0.54,0.06,0.21,8.6,0.8,4.9,14.3,15.8,111,105,0
22,0,14,0.1,0.1,0.5,0.56,0.17,1,0.51,0.4,0.27,9.1,1.1,2,15.2,19.1,106,111,0
25,8,37,0.4,0.7,2,0.49,0.3,0.65,0.5,0.27,0.25,5.2,1.5,4.3,20.1,18.6,92,104,0
21,0.333333333,18.66666667,0.5,0.2,1.7,0.63,0.8,0.84,0.75,0.27,0.48,22.8,2.3,1.7,27,23.3,131,113,0
29,0,28,0.6,0,1,0.35,0.31,0.64,0.4,0.14,0.23,26,2.7,0.2,24,17.8,82,107,0
25.5,1.5,5.5,1.8,0.2,2.3,0.44,1,0.73,0.53,0.06,0.19,30.3,3.2,2.3,18.8,26.6,98,114,0
23,4.333333333,63,0.5,0.2,1.4,0.45,0.4,0.87,0.53,0.36,0.16,9.4,1.4,0.7,13.4,17.4,101,115,0
23,9,41.33333333,0.5,0.2,1.7,0.6,0.4,0.75,0.55,0.48,0.38,16,1.3,0.8,15.5,22.6,101,115,0
19.5,43.5,43.5,0.8,1.3,3.8,0.56,0.21,0.8,0.59,0.09,0.44,10.7,1.3,4.5,14.9,19.1,115,110,0
22,1,28,0.4,0.2,1.3,0.54,0.3,0.7,0.55,0.44,0.44,5,2.3,2.5,22.6,14.5,101,111,0
24,14.33333333,58.33333333,0.6,0.3,1.8,0.49,0.37,0.82,0.53,0.35,0.39,7.9,1.6,1.5,12.1,13.1,111,112,0
24,49.33333333,64.66666667,0.7,0.7,2.1,0.46,0.36,0.77,0.49,0.43,0.14,11,1.4,2.3,12.7,21.4,101,112,0
24,56.66666667,76.66666667,1.5,0.2,2.4,0.53,0.41,0.86,0.59,0.44,0.34,10.2,2.3,0.6,12.5,21.3,114,109,0
23,1.666666667,57.33333333,0.8,0.3,1.2,0.47,0.3,0.81,0.5,0.24,0.27,13.3,2.5,1.5,15.1,21.2,103,109,0
27,20,63,0.9,0.1,2.3,0.47,0.22,0.8,0.51,0.1,0.33,28.2,1.8,0.4,15.8,20.1,105,113,0
23,0,8,0.8,0.1,1.3,0.3,0.22,0.5,0.35,0.47,0.32,16.4,4.5,1.1,15.6,16.8,80,103,0
28.5,0,4.5,0,0,1,0.43,0,0.5,0.28,0.33,0.22,28,0,0,26.9,22.1,63,115,0
26,0,2,0,0,0.5,0.5,0,0.75,0,1,0,9,0,0,20,15.9,14,115,0
23,39.33333333,71.33333333,1.1,1,2.5,0.57,0.25,0.67,0.59,0.02,0.37,13.7,1.9,3.8,11.2,21.8,119,109,0
26,4,50.66666667,0.3,0.8,1.9,0.67,0.5,0.58,0.67,0.02,0.46,3.9,1,5.7,11.6,18.1,125,108,0
21,0,19,0.3,0,0.8,0.4,0.33,0.75,0.48,0.43,0.23,30.4,2.3,0,17.2,15.5,105,110,0
23,8.666666667,59.33333333,0.6,0.5,2.1,0.57,0.42,0.73,0.6,0.13,0.55,11.5,1.8,2.7,16.1,22.1,118,111,0
22,64,65,0.7,0.8,2.8,0.52,0.27,0.81,0.53,0.17,0.19,9.8,1,1.6,10.4,20.2,106,113,0
20,6,44.33333333,0.6,0.2,1.4,0.44,0.41,0.64,0.48,0.11,0.57,7.6,1.9,0.9,13.3,18.7,97,111,0
24,0,10,0.9,0.2,1.8,0.43,0.39,0.5,0.48,0.33,0.33,24.6,2.7,1.1,22.5,19.1,92,114,0
23,0,5,1.2,0.6,3.6,0.39,0.07,0.44,0.32,0.33,0.21,23,2.6,2.4,19.3,21.7,67,111,0
27,0,2,0.5,0,2.5,0.33,0.17,0.75,0.34,0.67,0.2,11.4,7.1,0,15.5,23.3,72,107,0
22,0,2,0.5,0,0,0.33,0,0.75,0.25,0.25,0,0,3.8,0,0,13.2,70,104,0
30,5,5,0,1.6,2.6,0.49,0.3,0.94,0.58,0,0.43,7.3,0,6.1,13.7,24.8,111,105,0
22,51,52,0.7,1,3.3,0.41,0.37,0.8,0.48,0.07,0.34,4.9,1.2,2.3,10.6,20.1,99,109,0
24,17.66666667,66.33333333,0.9,0.2,2,0.49,0.39,0.9,0.55,0.49,0.23,23.2,1.8,0.7,13.9,19.6,114,114,0
24.5,0,15.5,0.3,0.1,0.7,0.43,0.38,0.7,0.46,0.31,0.28,6.6,2.4,0.9,9.8,15.8,101,111,0
26,0,24,0.8,0.1,1.3,0.42,0.3,0.94,0.46,0.08,0.14,27.7,3.5,0.5,18,25,91,109,0
21,1.333333333,48.66666667,0.3,0.9,3.7,0.53,0.43,1,0.62,0.39,0.32,9.1,0.9,3.9,21.7,16.6,112,119,0
20,40,68.66666667,0.9,0.2,2.4,0.52,0.39,0.84,0.58,0.44,0.26,24,1.5,0.6,20.4,23.5,112,115,0
26,0,1,1,0,0,0.5,0,0.75,0,1,0,0,12.3,0,50,21.6,0,90,0
22,0,5,0.4,0,0.8,0,0.38,1,0.4,0.67,0.08,10.2,2.3,0,19.4,16.1,74,112,0
29.5,78,78.5,1,0.4,2.8,0.5,0.29,0.78,0.55,0.04,0.35,8.2,1.3,1,11.5,24.6,115,109,0
19.5,1,6.5,0.4,0.3,1.3,0.44,0.38,0.75,0.53,0.47,0.36,12.3,4.6,1.4,13.8,19.9,105,113,0
22.5,0,9.5,0.1,0.8,0.8,1,0.3,0.75,1,0.59,0.38,2.1,0.8,9.6,21.2,43.4,200,120,0
19,19,19,0.8,0.5,1.7,0.6,0.46,0.65,0.62,0.05,0.52,12.6,1.3,1.3,12.4,29.6,116,113,0
25,1,16,0.1,0,0.4,0.5,0.21,0.6,0.44,0.47,0.17,11.2,1.4,0,13.4,22.9,89,112,0
24,0,3,0,0.3,1.7,0.5,0,0.75,0.4,0.2,0,7.9,0,2.7,37.5,10.5,67,114,0
24,5.333333333,58,0.5,0.2,1.7,0.5,0.38,0.92,0.57,0.81,0.16,5.5,1.7,0.9,8.3,15.9,116,111,0
24,0,2,0.5,0,1,0.2,0.3,0.5,0.26,0,0.4,0,3.1,0,0,16.5,78,109,0
25,28,76.66666667,0.6,1.1,2.7,0.55,0.3,0.56,0.56,0,1.03,4.8,1.7,5,25.2,16.3,105,103,0
