Age,GS,G,Assist_Pct,Usage_Pct,DRtg,Rising_Star
24,0,22,3.8,17.6,106,0
24,1,50,23.9,22.7,109,0
25,82,82,25.6,25.7,112,0
20,39,68.33333333,10.5,20.1,111,0
25,0,32,10.6,16.4,106,0
22,1,11.66666667,22.6,15.5,112,0
22.5,13,54,19.5,21.9,111,0
31,0,1,4,13.7,114,0
25,2.333333333,52.33333333,7.1,17.1,111,0
25,1,26,17.5,21.7,109,0
21,0,11,5,12.1,114,0
25,0,31,11.3,18.3,108,0
22,2,27,6.2,12.5,118,0
20,1,6,13.4,18.5,115,0
24,8,34,8.9,23.1,112,0
26.33333333,78.16666667,78.16666667,23.6,22.2,105,1
26,46,75,7.1,19,112,0
21,35.33333333,74.33333333,7.8,17.3,108,0
29,12,17,9.5,18.6,110,0
24,0,20.66666667,16.3,22.6,106,0
25,0,15,6.4,24.4,118,0
21,4,67,16.9,23.9,113,0
22,0,20,7.9,15.5,116,0
19,0,14,14.3,18.2,115,0
24,4,40,19.7,19,110,0
23,0,5,10.1,15.7,115,0
21,31,63,8.5,20.4,107,0
24,0.666666667,17.33333333,7.7,16.9,115,0
28,0,8,4.3,19.8,107,0
25,8.333333333,60.66666667,25.7,26.3,109,0
21.5,1,20,4.8,21.1,107,0
26,2,42,4,16,115,0
22.5,0,13.5,5,16.8,111,0
22,5.666666667,49,8.7,16.5,110,0
34,24,28,21,23,114,0
23.5,2,44,14.8,21.5,118,0
23,22.33333333,43.33333333,10.6,20.4,112,0
27.5,80,80,13.2,30.9,109,1
25.5,0,15,7.2,13.5,109,0
22,0,13,12.6,15.8,112,0
23,0,4,6.6,15,113,0
21.2,66.4,76.4,14.3,24.1,104,1
29,0,6,3.6,12.7,109,0
28,62,62,23.7,17.7,98,1
32.5,0,3,15.3,19.3,110,0
23,50.33333333,59,7.4,10.1,106,0
24,60,60,7.4,23.8,100,1
24.66666667,0,16.33333333,13.3,24.8,116,0
23,21.33333333,48.33333333,21.3,19.6,119,0
24,12,63.66666667,7.3,22.1,109,0
24,0,15,4.3,17.3,113,0
20,81.66666667,81.66666667,10.6,29,115,0
24,0,5,18.7,27.5,113,0
19.5,2.5,42.5,13.7,24.3,118,0
22,9,37.66666667,7.7,18.8,117,0
21,1,42.66666667,8.7,20.3,111,0
24,3.666666667,13.66666667,41.7,15.6,120,0
22.1,65,65.6,19,32.6,105,1
24.5,42,63.5,7.6,18,114,0
20.5,5.5,36.5,9.8,25.8,107,0
24.5,16.5,55.5,8.9,16.6,112,0
24,0,1,0,12,114,0
21.5,1.5,38,10.1,24.5,116,0
24,0,11.5,2.2,15.3,108,0
24,0,24,5.7,15.6,116,0
20,5,50,17.2,23.4,111,0
27.33333333,0.333333333,6.333333333,13.5,12.7,113,0
21.5,0,23.5,28.1,25.1,111,0
22.5,1,29.5,2.9,14.1,109,0
27,7,46.33333333,9.9,19.2,105,0
24,75,82,9.3,14,111,0
22,8,60.66666667,9.2,21.9,110,0
21,11.66666667,68.66666667,18.7,21.3,114,0
21,26,48.33333333,11.9,26.1,105,0
23.5,0,12.5,7,12,113,0
23.5,0,7.5,6.1,20.6,115,0
21.25,44.25,70.25,23.6,20.8,106,1
21,0,3,0,18.9,111,0
25,0,28,16.1,17.1,102,0
21,63.33333333,77.33333333,8.4,17.6,112,0
22,0,2,13.1,0,113,0
22.2,69.4,69.4,37.4,22.3,108,1
22.5,4,30,26.8,20.5,111,0
28,4.333333333,30.66666667,3.4,13.9,106,0
24,0,4,18,20.9,118,0
20,38.33333333,73.33333333,3.1,13.1,109,0
27,0,4,5.2,28.4,113,0
23.33333333,75.33333333,75.33333333,27.1,30.2,110,0
28,1.666666667,42.66666667,11.2,29.4,104,0
28.5,0,35,27.5,25.4,116,0
21,7,66.33333333,13.2,26,110,0
26,30,67,19.3,22.3,113,0
26,40.33333333,79.33333333,8.7,22.4,115,0
23,2,8,4,19.6,103,0
29.5,0.5,49.5,22.5,17.1,110,0
21.8,68.4,71.2,24.1,28.4,114,1
23,2,37,5.1,17.2,108,0
22,0,6,0,8.5,110,0
23,3,50,10.1,19,109,0
22.5,3,39,12.4,18.9,110,0
23.5,0.5,25,32.1,23.1,117,0
20.5,51.75,61.5,19.8,28.2,115,1
21,69.66666667,70.33333333,29.6,26.1,107,0
21,68,71,26.6,26.8,114,0
26,2,64,9,13.6,105,0
25,65,65,23.1,26.7,109,1
24.5,42.5,74.5,6.9,15.9,108,0
21,2,14,6.8,15.2,115,0
21,1,5,0,15.2,109,0
28,19,74,28.2,21.6,114,0
24,1.333333333,15,18.6,16.3,107,0
22.5,0,10.5,18.6,39.8,99,0
22.33333333,79.33333333,79.33333333,11.8,28.6,110,1
22.5,49.5,66,20.4,16,112,0
20,0.333333333,7.666666667,15.1,31.5,113,0
21,13,56,9.9,15.3,114,0
22.5,0,11.5,17,25.6,109,0
23,11,14,7.7,14.1,110,0
24,31,66,11.7,17.9,114,0
25,49.66666667,81.33333333,12.8,25.1,114,0
21,8.333333333,30.33333333,7.5,22.5,110,0
25,15,65,14.3,16,112,0
25,0,22,15.5,21.8,114,0
27.5,8.5,26.5,12.9,13.7,115,0
23,27.66666667,60,21.6,27.1,110,0
24,1,18,11.1,15,113,0
21,1.333333333,25,14,20,112,0
20,34,58,8,18.9,115,0
24.5,1.5,18,8.7,20.3,108,0
23,1,49,7.4,16,113,0
22,5,37.66666667,29.9,20.9,111,0
23,0,19,6.8,14.1,116,0
23,20.33333333,56,26,24,111,0
26,29,80,4.6,22.5,110,0
29,0,15,29.4,17.2,104,0
28.5,66.375,66.375,21.9,35.6,113,1
23,0,7,18.2,23.2,112,0
21,0,35,9.5,18.1,109,0
25.5,1.5,35,6.2,18.8,113,0
24,0,9,13.7,18.1,109,0
23,50.66666667,67.33333333,12.1,18.6,118,0
23,0,12,27.1,22.4,107,0
22.5,12,36,7.4,19.1,114,0
24,69,71,17.3,19.3,108,0
23,0,13,3.2,18.1,113,0
22.5,14.5,55,29.9,19,112,0
22,0,10,7.3,25.1,114,0
22,11.66666667,70,11.5,19.9,110,0
24.66666667,0.666666667,26,17.5,19.7,117,0
33,73,73,26.1,24.3,110,1
21,0.333333333,44.33333333,5.1,20.5,108,0
21.5,0,22.5,13.9,25.9,112,0
20.5,0.5,3,7.8,16.1,111,0
23,0,14,3.3,11.1,108,0
28,64.85714286,64.85714286,12.1,28.7,111,1
26,0,28,4.7,43.9,101,0
23.5,0,14,26.7,16.2,112,0
22,0,29,13.5,24,113,0
29,8.333333333,49,12.6,25.3,109,0
23.5,25,55.5,9.8,19.6,112,0
25,9,60,6.7,15.2,112,0
24.5,0.5,24.66666667,6,17.1,109,0
27,76,76,8.6,27.1,109,1
21,1.333333333,19.66666667,7.1,24.6,112,0
27.875,67,67,52.7,27.1,109,1
25,0,18,4.4,9.6,103,0
23,0,41,10.2,17.5,106,0
23,20.66666667,49.33333333,6.3,17.2,105,0
26,0,2,0,0,119,0
23.66666667,0.333333333,11.66666667,6.9,34.2,116,0
21.5,9,25.5,7.5,17.5,111,0
21.33333333,0.666666667,17,4.8,26.1,107,0
23.5,4.5,28,9.1,19.6,110,0
20,0,8,0,13.3,107,0
21,31.33333333,51.33333333,6.7,21.3,106,0
26,1,7,17.9,17,113,0
19,1,65,16.5,24.4,112,0
24,3,48,15.7,13.6,112,0
22,36,72.33333333,10.9,18.9,102,0
23,0,29.66666667,4,14.9,105,0
20.5,68.5,73.5,15.3,27.2,121,0
23,82,82,12.5,21.5,111,0
22.5,0,22,29.8,28.3,114,0
24.5,0.5,29,4.8,21,110,0
21,9.666666667,41.66666667,20.2,16.9,106,0
23,0,3,0,35.5,108,0
23,0,10,16.1,23.4,108,0
24.5,33.5,76,9,17.9,111,0
23.5,0.5,8.5,13.5,22.3,108,0
24,6.666666667,50.66666667,12.1,13.7,113,0
20.5,56,68,41.3,31.9,113,1
22.5,42,81,31.1,21.2,112,0
22,0,2,8.2,12.1,110,0
25.5,0,2,0,22.4,111,0
23.5,0,29.5,7.4,21.3,107,0
22,1,33.66666667,10.3,17.7,111,0
23,2.333333333,27,8.1,21.3,116,0
22,0,6,7.8,16.1,114,0
22,3,45,9.8,19.6,107,0
29,0,12,7.2,12,120,0
22,6,31,7.2,13.5,106,0
22,7.333333333,16.33333333,8.7,13.9,111,0
25,77.625,77.625,34.1,30.6,116,1
20,1,20,9,14.9,107,0
24,5.333333333,11.33333333,8.1,19.1,108,0
26,15.66666667,32,14.4,19.3,114,0
29,0.666666667,48.66666667,9.2,13.8,116,0
24,14,55,10.4,17.3,116,0
21,7,43,5.2,13.3,109,0
22.5,1.5,12.5,44.2,19.9,114,0
23,0,19,5.8,18,108,0
22,2,17,8.5,16.4,107,0
26,20.66666667,62.33333333,10.5,15.8,107,0
21.5,67,71.5,7.6,19.3,112,0
23,12.66666667,31.33333333,8.3,20,107,0
23,8.333333333,68.33333333,5.2,16.8,107,0
20.66666667,22.33333333,54,29.7,23.1,109,0
24,5.333333333,21,9.4,16.2,114,0
24,0,5,20.9,16.9,112,0
23,50,80,14.3,24.6,114,0
19,8,53,4.3,14.1,108,0
20,59,59,18.5,20.7,119,0
23.5,0,3.5,21.7,29.7,107,0
23,3.333333333,34,9.3,12.8,113,0
22,5.666666667,31.33333333,21.5,18.6,111,0
24.5,1,43.5,4.6,18,111,0
21.5,5,56,5.4,21.6,108,0
23,57.33333333,71.66666667,32.9,23.1,112,0
23,1,30.33333333,15.3,19.3,110,0
27,0,5,4.7,14.4,99,0
23.5,0,6,11.2,17.2,118,0
29.5,0,51.5,8.1,20.2,108,0
27.5,80,80,17.5,23.8,108,1
25,12.33333333,47,9.4,15.6,116,0
24.5,0,3,39.1,28.8,113,0
24,0,2,18.8,12.6,117,0
22.5,0.5,15.5,8.5,16,112,0
21,61.33333333,66.33333333,35.4,29.6,113,0
22,62,63,8,17.5,117,0
20.5,19.5,51,22.3,19.6,112,0
23.66666667,53,77,5.7,15.3,107,1
24,0.333333333,19,7.2,47.8,116,0
23,6.333333333,48.66666667,15.9,18.2,112,0
21,50,75.66666667,9.2,21.7,102,0
24,74.42857143,76.14285714,25,34.3,115,1
23.57142857,63.14285714,66.28571429,25.8,36.5,106,1
24,3.333333333,35.66666667,10.7,15.9,110,0
22,17,63,3,15.3,110,0
25,0,7,37.1,25,104,0
23,0,12,4,9.9,111,0
20.5,47.5,50.5,9.7,24.3,113,0
21.33333333,35.33333333,59,23.7,23.5,109,0
24,1.666666667,41,22.5,22.1,107,0
23,0,8.666666667,28.2,19.1,114,0
21,3,19,3.4,9.9,121,0
23,0,8,0,14.1,114,0
21,5.333333333,68.66666667,36.1,28.8,110,0
21,40.66666667,52,29.5,28.9,112,0
24.33333333,14,56.66666667,17.8,23.3,111,0
25.5,0,33,5.6,19.3,110,0
26,65.33333333,65.33333333,46.6,30.1,112,1
23,6,57,9.5,17.2,111,0
27,0,2,3.7,15.7,102,0
22,0,41,5.1,20.2,105,0
20,14.66666667,73.33333333,6.8,20.7,108,0
20,10,37.33333333,5.1,15.6,115,0
21.8,71.4,71.4,40.3,32.2,109,1
23,0.5,21,14.6,9.1,112,0
24,22.66666667,48.33333333,21,18.2,114,0
21,28.66666667,74,4.7,23.5,109,0
20.75,61.25,67.5,30.2,31.7,116,1
22,5,21,7.8,25.9,108,0
22.5,0,4,9.5,17.9,110,0
24,0,5,19.1,17.1,117,0
23.5,28,54.5,35.3,24.8,116,0
22.5,3.5,22,11.5,15.7,107,0
23,0,4,0,26.8,90,0
25,13.66666667,49.33333333,2.7,15.2,105,0
23,2,16,4.9,22.4,106,0
21,2,35.66666667,7.1,15.3,112,0
19,0,7,0,31.3,108,0
24.5,0,45,31.3,20.7,113,0
23,46.33333333,55,10,25,113,0
22,31.66666667,70.33333333,18.4,26.9,111,0
27,0,31,5.8,17.4,110,0
34.5,65.33333333,70.66666667,14.2,29.2,111,1
21.5,38,72.75,21.7,23.5,108,1
24,2,51,5.1,10.6,109,0
23,1.333333333,26.66666667,36.2,23,108,0
25,4,34.66666667,26.5,17.6,113,0
23,26.33333333,59,10.8,22.1,109,0
22.25,68.5,70.5,21.2,31.6,111,1
22,0,4,5.3,7.9,112,0
22.5,11,43,13.3,16.9,107,0
23,0,3,0,40.7,116,0
21.5,35.5,72.5,6.8,19.2,110,0
24,24.66666667,61,8.4,15.1,111,0
21.5,0,50,9.3,15.7,113,0
24,3,61,5.9,18.3,112,0
20,21.33333333,57,9.4,14.4,115,0
24.5,53.16666667,77.83333333,29,18.8,105,1
21.5,1.5,18.5,8.3,15.5,112,0
24,0,9,4.8,17.1,108,0
24,0,1,5.6,17.7,111,0
24.5,30.5,40,7,15.8,113,0
25.5,0,2,28.8,31.6,118,0
23,10,45,11.7,19.5,116,0
25.66666667,0,16.33333333,22.4,26.4,114,0
26,72.2,72.2,9.8,27.2,101,1
24,1.666666667,58.33333333,7.2,18.4,105,0
31.75,57.625,66.625,36.4,34.9,109,1
25,9.333333333,73.33333333,10.3,17.4,112,0
19.5,0,22,11,29,110,0
23,8,64,19.1,19.9,111,0
23,0.333333333,46,7.8,21.9,111,0
22,18,70.66666667,6.7,17.6,110,0
23,1.333333333,16.33333333,15.4,22.3,109,0
25,0,4,2.9,17.5,107,0
23.5,0,6.5,6.3,16.9,99,0
24,12.66666667,65,6.4,14,110,0
21,63.33333333,79,35.7,21.6,111,0
24,0,2,11.4,4,110,0
21.5,9.5,53.5,21.5,17,117,0
28,1.666666667,23,16.2,18,117,0
23.66666667,0.666666667,34.66666667,15.5,26.7,113,0
22,0,3,12.2,20.1,104,0
20,40.33333333,62.33333333,29,25.7,114,0
20,13,72,6.4,23.3,112,0
22,12.66666667,65.66666667,24.2,22.5,108,0
27,0,4,0,18.6,102,0
21.5,58,59,20.7,26.5,113,0
23,0.666666667,57.33333333,31.5,17.1,110,0
25,0,1,0,8.9,113,0
24.33333333,1,26,13.3,22,108,0
23,26,60,12.7,21.4,117,0
23.5,0.5,26,15.1,19.1,112,0
24,0,4,0,16.9,96,0
23,0,24,4.9,11.2,103,0
22.5,32.5,70.5,7.5,20.8,102,0
27,1,62,28.4,16.5,111,0
21,13.33333333,57.33333333,15.5,20.4,111,0
23,38.66666667,75,19.7,21.2,106,0
22,0,6,0,11.5,100,0
24.66666667,20.33333333,56.66666667,5.8,18.2,103,0
20.5,8.5,56,8.6,20.4,117,0
23,7.666666667,78.33333333,13.5,21.8,111,0
24,0.666666667,32,26.3,22.6,114,0
20,17,59.33333333,20.2,16.9,115,0
23,9.333333333,59,23.9,20.6,110,0
23,9,41,8.3,8.6,104,0
21,6.333333333,42,10.7,18.5,111,0
23,0,6,9.9,20,114,0
25.5,0.5,17.5,42.2,23.3,114,0
22,0,1,0,0,117,0
24,0,21,4.7,22.6,111,0
24.33333333,13.33333333,34,21.9,20.3,107,0
23,0,18,5.8,14.5,118,0
24.5,1.5,43,4.7,10.9,112,0
25.5,6.5,55.5,13.7,24.1,109,0
21,46,62.66666667,13.6,18.4,114,0
27,8.333333333,68,15.1,21.7,109,0
25,2,10.66666667,45.1,23.8,110,0
20.5,4.5,34,6.5,21.7,116,0
23.5,24,77,15.5,19,108,0
25,0,1,0,0,119,0
24,0,30.33333333,14,20.9,110,0
19.5,0,19.5,11.2,18.4,111,0
23,28.33333333,55.33333333,13.5,23,112,0
27,76,76,9,20.3,100,1
24,0,7,6.7,14.8,111,0
22,65.28571429,74.57142857,33.9,37.4,110,1
24,1,54,5.9,19.7,106,0
23.5,0.5,8,9.3,20.7,110,0
22,10.66666667,49.66666667,7.7,16.1,112,0
20,2,49,7.1,18.1,106,0
26,27.33333333,75,25.6,25.7,112,1
22.25,43.75,70.75,18.2,27.6,113,1
25,34.33333333,71.66666667,10.5,16.8,108,0
21,0,8,9.6,25.4,103,0
21,5,62,8.3,11.5,108,0
23.5,1,34,11.8,24.4,115,0
21,65,75.66666667,18.6,24.8,109,0
24,13.5,22,6.7,20.7,102,0
22,3.333333333,29.66666667,3.5,15.4,108,0
27,14,62,5.6,13.6,107,0
25,35,71.33333333,44.9,23,112,0
22.5,2.5,37,10,17.5,109,0
27,13.66666667,45,14.7,14.8,106,0
25.33333333,0,11,5.6,14.9,116,0
24.5,0,33.5,5.9,21.2,108,0
20.5,3,44.5,4.5,17.4,109,0
21,62.33333333,80.33333333,7.6,17.7,107,0
20.5,8.5,48,15.2,23.2,109,0
23,5.333333333,45,1.7,12.4,105,0
22.66666667,10.66666667,22.33333333,1,21.1,115,0
22,0,5,6.6,12.4,113,0
21,0.666666667,25.33333333,9.6,24.7,112,0
23,19,40.33333333,10.7,37.2,118,0
22.5,7,48,8.3,16.6,113,0
23,27,75,8.4,16.2,113,0
23,0.333333333,39.66666667,15.3,22.4,111,0
23.5,0,41,2.5,25.2,103,0
21,0,9,10.6,21,119,0
19.5,0,7,19.4,29.1,104,0
22,46,59.33333333,15.6,18.2,108,0
19.5,20.5,40,14.9,15.7,116,0
21,1,5,0,15.2,117,0
22,0,39,21,14.1,111,0
23,20,48.66666667,18.7,21.6,113,0
20.5,1,25.5,9.8,14.8,109,0
23.5,0,10.5,9.5,17.4,113,0
21,0,3,0,8,113,0
22.5,4.5,35.5,27,20.1,114,0
24.4,61.6,74.8,32.7,34,115,1
21.5,13,44.5,19.6,28.5,113,0
23,2.333333333,40.33333333,29.2,19.6,109,0
27.5,2.5,62.5,7.4,21.7,101,0
20.5,9,42.5,12,17.7,110,0
20,16,46.66666667,9.1,20.3,110,0
21.5,69.5,80.5,7.5,25.5,109,0
23,0,2,0,7.7,89,0
23.5,0,1.5,18,22.8,123,0
24,1,32,8.2,16.7,107,0
20,59,59,34.6,26,113,0
22,0,36,3.6,22.4,99,0
22.33333333,26,56.33333333,12,17.9,110,0
25,30.33333333,59.66666667,7.7,19.8,107,0
22.5,47,69.5,2.8,19.1,106,0
23,1,13,10.5,15.4,106,0
22,5,19,11,18.8,115,0
20,49,50.66666667,14.3,26.5,111,0
24.5,0,11.5,10.5,19.8,113,0
21.5,1,29.5,13.7,17.5,116,0
28,0,3,0,21.3,114,0
23,0,5,8,6.4,108,0
23,13.66666667,79.33333333,10,17.5,108,0
21,27,43.66666667,9,27.3,110,0
23,11.66666667,47,9.4,19,113,0
22,9.333333333,71,10,14.8,108,0
22.5,27,65,26.9,20.4,114,0
24.5,0,16,4.8,20.9,117,0
19,0,4,11.1,19.4,120,0
22,0,16,6.8,13.3,113,0
22.5,0,12,32.8,16.6,110,0
20,54.66666667,79.33333333,22.4,24.9,114,0
29,2,61,6.9,12.8,103,0
24,0,3,0,25.6,113,0
25,1,15,9.3,14.5,114,0
22,2,38.66666667,15.8,18,110,0
25,12,49.33333333,10.1,19.8,110,0
25,55.72727273,75.09090909,50.7,40.5,109,1
23,25.33333333,55,16.4,20.2,108,0
23,1,36,9.2,20.1,104,0
25.5,0,14,9.5,15.3,119,0
23,0,4,0,25.6,102,0
24,0,10,4.5,10.1,114,0
30,16,57,10.3,15.2,108,0
20,0,29.66666667,6,15.8,109,0
24,0,1,0,19.1,108,0
27,10,15,5.2,14.3,112,0
22,8.333333333,54,7.3,13.2,105,0
22,0,13.33333333,16.4,29.6,110,0
24,1,82,7.9,13.7,111,0
22,0,3,0,21.3,120,0
21,32.66666667,59,14.2,24.1,107,0
23,0,14,14.4,19.6,117,0
25,0,11.33333333,5,20.7,117,0
22,13,47.33333333,7,19.2,111,0
19.5,55,56,7.5,23.9,110,0
22,0.666666667,9.333333333,40.1,20.5,103,0
25,4,27,4.2,12.2,118,0
19.5,0,14,5.9,19.4,107,0
23,0,5,9.2,6.8,97,0
20,56.33333333,72,7.9,16.3,108,0
20,35,63,10.8,19.2,113,0
24.5,0,6.5,12.8,23.4,112,0
24.5,0,18.5,7.2,12.1,107,0
36,80,80,36.4,14.5,105,1
23.5,4,66.5,7.5,16.9,109,0
23.5,48.5,75,8.3,19.6,109,0
26,1,44,7.6,13.6,105,0
26.5,3.5,40,9,17.1,114,0
21.5,2,28,19.7,17.7,114,0
19,12,56,7.5,15.1,110,0
22,1,34,19.8,13.5,115,0
21,38.33333333,74,8.5,22.1,110,0
20,0,13,5.4,17.2,112,0
22.5,0,5,18.1,17.2,113,0
20,0,15,17.8,17.3,117,0
20.25,69.25,69.25,14,28.6,107,1
25,1.666666667,27.66666667,8.3,16.8,110,0
23.66666667,1.666666667,32,7.2,19.7,105,0
24,0,4,0,9.7,108,0
23,82,82,7.2,19.2,105,0
23,37,70,37.9,25.3,106,1
24,4.666666667,48.66666667,6.4,17.3,108,0
24,16.66666667,44,8.2,19.4,114,0
23,2,6,11.4,11.3,105,0
21,22.33333333,74,10.4,18,108,0
27,0,6,7.8,20.6,102,0
23,0,3,16.5,13.1,104,0
24,1,38.33333333,9.1,14.9,109,0
21,2.666666667,49.33333333,11.8,24.8,108,0
23,35.66666667,48.66666667,41,28.1,107,0
28,5.333333333,28.66666667,33.2,25.7,119,0
21,7.666666667,34.66666667,4.5,21.8,108,0
24,20,71,30.1,19,112,0
23.5,6,32.5,11.1,23.1,111,0
24,1,9,16.2,22,103,0
26.5,0,32.5,6.3,16.4,107,0
21.5,2,44,11.4,16.7,112,0
23,0,2,0,15.3,93,0
24,0,5,13.4,13.9,102,0
21.5,12.5,72.5,27.6,24.9,114,0
23.5,2.5,44.5,17.4,18,111,0
23,2.333333333,59.66666667,22.2,24.3,115,0
25.625,50.875,64,28.1,26.5,110,1
26.33333333,66,70,26.4,18.7,101,1
23,38,66.66666667,8.7,19.6,108,0
23,0,8,9.3,11.3,104,0
23.5,0,2.5,17.7,16.2,121,0
24,4,36,18.2,16.5,113,0
28,20,80.66666667,17.2,13.9,106,0
29.75,71.75,71.75,24,26.3,112,1
24,0.333333333,42.33333333,26.9,27.8,112,0
27,16,80,1.3,8.7,103,0
23.5,0,9,6.3,18.2,111,0
23.5,54.83333333,54.83333333,18.4,36,104,1
26,3,50.33333333,7.1,16.6,108,0
26.5,4.5,29,7.4,14.3,107,0
24,5.666666667,51,10.8,19.9,109,0
21,42,58.66666667,11,23.7,115,0
23,14.33333333,66.66666667,10.9,22.6,108,0
29.5,0,12.5,3.9,18.5,125,0
22,1.666666667,32.66666667,10.4,18.7,111,0
23,0,15,16.7,10.4,110,0
28,0,2,15,17.8,110,0
23.5,66.125,67.625,46.9,30.6,110,1
23,1.333333333,15.33333333,32.8,28.8,110,0
23.5,2.5,17.5,5.9,16.4,115,0
22,6.333333333,37,12.7,21.1,115,0
23,3.333333333,50,5.2,11.4,110,0
23,4,41,7.3,21.1,106,0
23.5,5,25.5,8.5,13.8,107,0
23.66666667,29.33333333,64.33333333,8.1,20.2,111,0
21,72.66666667,74.33333333,5,19.1,106,0
29.5,0,10.5,22.6,29,111,0
21,35.33333333,44.66666667,7,18.3,106,0
27,20,67.33333333,13.3,22,113,0
21,30,54.33333333,35.7,24.2,114,0
20.5,0,16,31.9,30.5,100,0
24,5.333333333,51.33333333,16.9,16.4,112,0
22,0,10,21,18.1,117,0
23,45.33333333,73.33333333,23.8,23.3,115,0
23,21.33333333,58.66666667,23.5,28.1,112,0
22,5,42,12.6,25.3,107,0
23,6.333333333,52.66666667,5.2,18.7,108,0
25,0,12,15.1,19.4,112,0
23,2,30,31,15.8,113,0
25.33333333,1.666666667,28.66666667,20.9,23.9,114,0
22,1.333333333,21.33333333,7.1,20.5,108,0
20,14,57,15.8,21.1,117,0
26,0,1,0,10.2,123,0
21,5,43,2.9,14.7,108,0
26,1,15.66666667,40.3,15.6,109,0
26,0,3,19.4,20.3,111,0
25,0,3.5,20.8,26.1,119,0
23,1.333333333,25,6.9,19.9,109,0
23,19.66666667,62.33333333,8,15.3,110,0
25,3.333333333,25.33333333,15.5,15.7,109,0
21,21.33333333,58,14.1,26,114,0
29,0,13,36.4,23.8,113,0
22,3,42,13.5,15.3,105,0
20.5,40,68,8.9,15.4,113,0
22,0,2,0,42.8,119,0
23,39,62,13.2,18.2,108,0
20.5,0,19,19.3,26.4,107,0
20.5,69,74.5,36.5,26.6,111,1
22,12.33333333,52.33333333,5.9,14.6,113,0
26,6,13,13.8,12.7,112,0
27,3,18,7.7,10,108,0
22,14,68,7,15.4,110,0
21,44.33333333,52,19.3,21.4,119,0
24,0.666666667,15.66666667,28.3,11.7,110,0
23,6.333333333,56,8.8,20.9,108,0
26.5,0,4,18,22.8,116,0
24.33333333,7,37.66666667,8.1,17.4,110,0
25,0,7.333333333,10.5,22.4,115,0
24.66666667,3,40.33333333,16,19.6,107,0
23,19,69,8.1,15.8,114,0
23,0,34,10.8,19,111,0
21,0,3,18.7,22.1,113,0
22,0,9,18.6,12.7,121,0
22,0,1,0,0,117,0
20,16,54.66666667,15.5,19.8,107,0
21,26,53,13.9,27.2,107,0
22,0,16,3.8,11.9,111,0
22,5.333333333,49.33333333,9.3,19.3,110,0
20,0,5,5.5,11.7,103,0
26,0.666666667,15.66666667,28.7,20.6,114,0
27,0,1,20.8,13.5,104,0
21.6,81,81,17.2,28.9,110,1
23.85714286,59.71428571,63.57142857,27,33.2,105,1
21.5,0,29,22.7,28.4,113,0
23.5,1.5,34.5,6.5,15.6,113,0
23,0,5,5,19.5,110,0
23,0,3,0,5.1,115,0
24,4,31,6.8,17.8,114,0
20,0,9,9.4,18.1,112,0
23,10,67.66666667,13.1,21.1,107,0
21,8.333333333,74.33333333,6.4,19.4,110,0
25.14285714,67.28571429,73.14285714,31.2,31.5,114,1
22,17,43.33333333,44.3,16.3,113,0
24,62,62,18.7,23.7,113,0
23,65.33333333,68.66666667,7.5,21.3,106,0
24.5,23.5,40.5,9.5,12.3,112,0
24,8.333333333,67.66666667,15.7,25.7,108,0
21,66.33333333,79.33333333,7.8,19.5,111,0
25.09090909,70.63636364,70.63636364,26.7,33,110,1
34.33333333,69.33333333,69.33333333,15.7,24.5,101,1
23,0,7,6.7,25.5,115,0
20.5,53.5,65.5,17.5,17.1,116,0
23,0,32,4.8,16.2,110,0
19.5,30.5,70,7.4,22.3,116,0
24.28571429,59.85714286,65.28571429,21.4,28.8,109,0
22,0,17,6.1,27.1,112,0
19,3,50,13.9,20.5,115,0
22,10,64.66666667,6.1,23.5,110,0
20,2.666666667,41.33333333,8.5,16.5,106,0
26,8.333333333,44,8.5,14.1,110,0
24.2,50.2,64,21,26.2,113,1
22.5,0,17,6.7,17.2,116,0
24,0,41,9.8,16.1,110,0
24.5,72.25,76.875,14.6,27.6,112,1
34,56.85714286,56.85714286,34.6,35.7,113,1
20.5,6,16.5,16.5,17,125,0
20.5,1,43,5.1,19.9,108,0
21.5,0,2.5,22.4,22.5,110,0
24.5,3.5,34.5,15.8,14.2,109,0
23,31.33333333,58.66666667,33.3,24.7,112,0
24,0,10,2.8,17,104,0
21.25,58.25,58.5,7.9,31,109,1
22,12,45,19.4,17.2,115,0
22,11,61,13.7,14.4,101,0
26,2,32,16.4,13.3,108,0
22,0,2,0,21.8,120,0
33,75,75,12.1,14.4,106,1
23,37.33333333,67,11.5,23.8,112,0
30.5,67,67,34.8,26.1,109,1
23,13.66666667,59,13.1,18.6,106,0
25,56,81.33333333,7.3,15.8,113,0
23.5,0,8.5,15.8,23.6,111,0
24,0,14,6.1,19.1,105,0
22,65,65,36.5,31,112,1
23,5,49,5.3,15.8,105,0
29.28571429,71.28571429,71.28571429,13.2,30.2,110,1
24.5,0,20,21.1,22.2,108,0
21,24.33333333,44,28.3,23.5,106,0
24,6.333333333,35.33333333,9.7,13.8,116,0
23,55,66.33333333,14.5,16,110,0
21.5,27,63,9,15,115,0
24,16.66666667,67,17.6,19.2,111,0
25.5,0.5,11,33.9,16.8,117,0
24,18.66666667,64,9.7,15.9,109,0
28.5,0,9.5,8.4,12.7,112,0
23,22.33333333,61,7.8,17.6,99,0
21,56.33333333,56.66666667,7.6,25.1,112,0
23,18,61.66666667,10.1,14.8,108,0
25,0,24,14.2,19.5,112,0
30,71.45454545,71.45454545,49.7,33.5,109,1
26,0,17.33333333,34.1,28.6,111,0
23,0,14,9.4,10.9,115,0
20.5,2,35,10.3,20.3,114,0
21,47.33333333,51.66666667,29.3,18.6,111,0
24,2.333333333,21,28,24.9,111,0
20,0,10,11.8,17.1,113,0
23.5,57,76,6.5,13.1,103,0
23,2.333333333,30.66666667,6.2,23.1,102,0
20,21,29,4.5,13,112,0
26.5,0.5,27.5,7.6,20.7,112,0
23,0,7,3.5,25.7,114,0
29,82,82,11.1,22.7,107,0
19.66666667,60,60,45.3,37,109,1
20,0,1,28.9,14.5,118,0
22,1.333333333,42,6.9,22.8,109,0
23.5,0.5,35,7.6,16.8,109,0
22,14.66666667,54.66666667,19.2,19.8,117,0
23,11,34,11.6,19,111,0
25,0,16,8.4,19.9,112,0
26.5,64.5,64.5,13.2,21.5,105,1
21.5,0.5,14.5,31.7,25.4,110,0
22,1.333333333,23.33333333,8.7,19.3,114,0
25,37.33333333,62.33333333,24.3,20.7,113,0
27.5,2.5,63.5,23.4,18.3,113,0
22.33333333,4,12,19.8,21.8,115,0
25,1.666666667,16.66666667,8.3,18.5,112,0
24,0,7.666666667,10.3,18.7,107,0
21,6.333333333,55,10.2,22,114,0
22,0,47,7.5,14.5,106,0
20,0.333333333,63.66666667,16.9,24.9,115,0
22,0,1,0,41.5,123,0
25,0,4,0,16.1,103,0
22.33333333,6.666666667,29.66666667,14.8,20.4,112,0
33,79,80,26.4,26,105,0
24,16.33333333,54.66666667,14.6,23.4,111,0
28,74,74,24.8,26.4,108,1
32.5,0.5,38,33.9,17,114,0
25,0,81,2.4,13,99,0
23,1,66,11.8,20.1,114,0
24,0,4,0,10.2,111,0
22,0,11,2.2,24.4,116,0
22.5,0,23.5,8.3,12.3,116,0
24,0,18,0,20.9,113,0
23,8,58.66666667,7.6,22.2,109,0
24,0,5,16.1,23,114,0
21,24,69,22,18.8,108,0
23,30.33333333,65.66666667,13.2,25.3,112,0
24,0,2,13.4,25.9,110,0
23.5,25,71.5,21,16.3,105,0
21,13.66666667,73,11.2,19.9,111,0
25,1,39,8.8,10.5,104,0
24.33333333,11.66666667,37.66666667,13.9,18.9,111,0
20,24.66666667,32.33333333,31.3,23.1,111,0
23,13,75.33333333,10.9,23.2,106,0
24,0,42,12.4,17.6,113,0
21,0,1,0,0,69,0
20,42,65.66666667,8.1,20.6,113,0
21,1,30.33333333,25.6,18.2,112,0
22.5,1,63,7,25.1,109,0
24.5,0.5,14.5,8.1,12.8,111,0
19.5,5,37.5,5.9,25.9,110,0
24,49.66666667,78,16.2,19.2,104,0
22,13,57,8.3,11.6,105,0
24,0,4,8.3,7,96,0
22,0,4,6.7,9,104,0
25,0,33,7.9,17,108,0
24,0,3,0,28.6,113,0
24,10.33333333,71.66666667,26.2,15.9,111,0
20,34.66666667,67,6.4,15.9,107,0
24,4,32,3.5,14.3,110,0
23,0,2,0,24.4,119,0
27,25,69.66666667,6.8,13.9,111,0
22.5,0,12.5,3.3,23.5,113,0
21,5.333333333,54.66666667,7.3,15.8,110,0
22,0,12,4.9,23.5,106,0
21.5,75.5,75.5,12.3,28.3,112,0
23,56.66666667,63.33333333,37.3,26.7,108,0
25,0,8,1.9,9.8,115,0
24,0,9,7.9,15,114,0
20,63.66666667,65,10.1,18.4,110,0
21,1,48,8,22,107,0
29,13,36,6.4,11.5,108,0
25,7,26,2.9,13.1,105,0
22.5,40,73.5,9.8,12.4,115,0
22,80,80,24.8,18.4,112,0
26.5,0,8.5,10.2,24.2,108,0
27,10,36,29.4,25.1,113,0
23,2.666666667,40,9.1,19.3,106,0
25,2.333333333,62.66666667,10.9,23.7,108,0
22,0,2,5.4,9,116,0
20.5,44.5,72.5,9.4,20,114,0
25,35.66666667,55.66666667,5.7,21.4,104,0
30.5,18,30,28.8,18.2,115,0
24,0,10,11.7,18.2,109,0
27.5,2.5,34.5,10.3,43.7,120,0
26.5,1,26.5,8.3,20.9,113,0
28,3.666666667,55,8.1,20.5,109,0
26,0,5,18.6,17.6,111,0
22.5,1,26,6,20.4,106,0
20.5,13,63.5,4.2,13.3,107,0
22,0,5,0,12,113,0
20.5,0.5,53.5,7.4,17.8,103,0
23,4.666666667,50,41.2,17.2,112,0
23,6,57.66666667,10.1,23.8,110,0
21.5,5,40,10.1,21.7,114,0
26,0,4,4.4,12.9,101,0
20,0,9,4.1,21.2,107,0
27.5,0,12.5,45.1,23.7,113,0
25,3,7,5.8,16.2,118,0
23,3,5,11.6,13.7,113,0
25,0,20,8.9,15.7,107,0
20,57.66666667,68.66666667,7,20.9,106,0
25.5,4.5,59.5,21.6,18.6,103,0
19,5,48,5.1,13.7,115,0
23.66666667,10.33333333,28,23.3,16.8,114,0
23,2,39,8.7,16.3,112,0
25,0,6,23.3,45,113,0
20,11,30,11.2,24,110,0
28,7.333333333,64,11.4,16.4,111,0
22,0,24,12.1,17.2,109,0
21,50.66666667,64.33333333,10.5,18.8,103,0
24.5,3.5,64.5,26.6,17.9,104,0
22,0,28,6.3,17.4,106,0
24,23,74,5.7,21.4,113,0
21,0,41,20.3,22.8,113,0
21.5,46,58.5,8.1,17.8,108,0
20,0,15,12.6,14.8,110,0
23.5,1,29,13.9,16,111,0
27,3,18,23,18.2,108,0
29,6,52,10.2,15.9,112,0
23,0,9,6.7,13.3,112,0
25,0,9,22.3,15.5,108,0
22,21,75.33333333,12.9,16.7,113,0
22,66.4,74.6,37,27.4,109,1
24,18.66666667,72.66666667,9.7,22.8,105,0
26,36,58,4.9,22.5,111,0
23.5,57.25,66.25,21.9,28,105,1
20,32.33333333,59,3.7,17.3,110,0
23.5,2,42,19.9,24.7,112,0
23,20,65,11.8,21.1,109,0
24,4,75.66666667,17.9,21.8,108,0
26,0,20,5.3,12.9,101,0
22.5,49.5,76.5,12.2,21.8,112,0
21,43.33333333,68,7.5,15.5,109,0
23.5,0,18.5,11.1,13.3,103,0
25,1.333333333,14.66666667,6,14.1,118,0
24,5,44,4,22.8,109,0
25,0,1,14.4,14.9,109,0
28,0,4,14.5,14.4,114,0
21.5,7,47.5,8.1,18.8,113,0
22,31,71,8.4,19.4,110,0
24.33333333,0.333333333,34.33333333,12.5,17.8,110,0
21,0,19,7,15,107,0
23,0,7,0,23.4,107,0
25.66666667,0.666666667,12.33333333,9.3,26.7,109,0
21,28.66666667,62,7.9,16.2,107,0
22.5,27,55.5,5.1,20.4,108,0
27.5,63,80,8.6,14.2,109,0
21,57,58,11.3,18.6,112,0
22,0,9.666666667,17.5,42.9,111,0
36,16,70.33333333,27.5,11.7,110,0
22,0,3,14.5,23.3,108,0
23.5,43.75,67.25,17,28.5,107,1
24,2,51.66666667,12.7,18.7,113,0
23,0,5,0,10.2,115,0
25,36.66666667,51,24.2,16.1,108,0
26,1,4,0,20.6,106,0
26,0,7,14.2,19.5,109,0
22,10.33333333,52.33333333,10.6,12.8,110,0
22,16,62.33333333,7.6,17.9,110,0
22,1,30,27.1,38.9,114,0
32,74.25,74.25,21.7,24.7,103,1
23.77777778,70.55555556,75.22222222,20.3,30.4,108,1
29.5,73.5,74.25,17.9,25.7,104,1
33,70.66666667,70.66666667,24.3,28.1,105,1
25,0,5,23.9,14.8,110,0
22.5,15,49,8,15.2,112,0
31.5,14.5,56.5,9.8,18.6,107,0
22,7,47.66666667,5.5,19.6,108,0
23,0,24,21,15.6,112,0
23,3.666666667,49.33333333,40.7,18.7,107,0
25,1,8,38,25.3,112,0
26,0,20,3.6,20.3,107,0
23,7.333333333,53.33333333,8.7,15.5,109,0
21,5.333333333,23,16.8,23.1,110,0
23,5,63,7.6,13.9,108,0
24,9.333333333,40.33333333,22.8,20.2,114,0
23,0,3,7.7,8.7,121,0
23,0.333333333,14.66666667,10.3,22.5,113,0
19,55,56,12.8,24,114,0
24.5,60,60,52.5,21.7,103,1
24.5,0,15,2.5,14.7,112,0
23,1,82,23.3,19.9,113,0
20,2.666666667,46.33333333,8.7,17.2,113,0
24,17.66666667,54,23,18.3,108,0
21,1,10,15.2,19,117,0
35,80,80,12.7,19.8,104,1
23,15.33333333,51.33333333,21.3,18.2,112,0
21,3,14,5.1,17.8,108,0
22,0,14,3.5,13.6,112,0
23,0.666666667,38.66666667,9.2,15.4,108,0
26,0,3,0,12.7,116,0
22,12,65,23.1,22.6,106,0
24,10.66666667,45.66666667,14.7,18.9,114,0
23,6.666666667,52,12.3,18.6,109,0
21.5,0,14,13,28.6,113,0
22,53.33333333,60,38.8,21.2,104,0
24.5,4.5,49,5.6,12.6,113,0
24,32.66666667,48,9.8,21.8,106,0
24,11.33333333,54.66666667,7.4,15.5,110,0
21.5,1.5,27.5,9.5,12.3,100,0
21.5,43.5,59,1.3,20.4,110,0
20.5,25,51,9.4,18.4,109,0
23,51.66666667,62.66666667,14.4,22.9,107,0
26,37.33333333,54,10.3,15.4,111,0
23,2,16,8.5,18.7,115,0
23,67,73,24.7,26.4,112,0
22,18,45.66666667,22.7,26.7,107,0
25,0,13,20,19.1,110,0
20,1,27,2.6,11.9,110,0
24,4.666666667,32,17.3,14.8,116,0
22,42,58.33333333,14.2,22.2,109,0
24.75,73.75,77,13.5,23.6,106,1
25,25,71.66666667,12,14.6,109,0
22,0,3,0,4.9,117,0
24.5,2.5,70,16.9,18.7,108,0
23.25,39.75,62.5,8.2,16.1,104,1
21,41,41,8.3,18.7,117,0
23.5,0,13.5,25.4,30.1,106,0
25.72727273,75.27272727,75.27272727,57.3,41.7,109,0
21.5,10,63.5,7.1,24.4,103,0
24,12,54.33333333,18.9,12.5,115,0
28.5,0.5,29.5,8.3,16.3,114,0
23,19.66666667,49,10.9,17.9,112,0
25,0,5,0,16,112,0
30,6,56,7.2,14,102,0
22,1,51,7.7,15.5,111,0
25,16.33333333,64.33333333,6.9,22.1,112,0
23,3.666666667,36.33333333,6.3,22.1,112,0
30,0,25,4.5,13.7,100,0
25,0,5,44.2,31,113,0
26,0,1.5,18.8,31.1,118,0
26,8,35,14.6,23.8,115,0
23,0,20,0.7,15.6,106,0
19,19,38,3.6,16.9,114,0
24,1,64,18.1,12.2,111,0
24,2.666666667,63.33333333,5.1,14.1,112,0
24.5,8.5,34.5,5.1,14.6,108,0
21,36.66666667,73.66666667,2.5,16.2,104,0
21,7.333333333,31.66666667,12.3,14.4,114,0
24,3,16,15.6,17.4,112,0
22,4.333333333,52.33333333,9.6,25.3,115,0
24,4,53,23.1,21.2,109,0
20.5,68,72.5,17.8,23.7,112,0
22.5,8,26,17.4,19.6,111,0
21,0,4,32.1,22.9,107,0
26,0,2,0,14.9,114,0
22,13,67.33333333,29.3,17.7,110,0
25,7.666666667,46.33333333,22.2,18.1,110,0
24,0,18,10.7,25.4,106,0
23.5,0,13.5,10.9,23.9,103,0
24,3,30,7,14,112,0
22,4.666666667,56,28.8,19,109,0
23,0,20,19.6,20.9,111,0
22,0,3,78.5,29.4,88,0
23.5,9,68.5,7.8,12.1,111,0
21,13.66666667,38.33333333,9.1,21.3,111,0
22.5,0,13,4.6,17.2,112,0
23,27,56.33333333,11.9,15.9,105,0
23.5,23.5,64,11.6,20.3,116,0
22,6.333333333,35,34.9,21.1,112,0
21,59,72,13.2,19.6,109,0
20,19,73,10.8,19.6,107,0
27,0,4,8,14.6,112,0
25.66666667,67.77777778,68.44444444,39.9,32.6,112,1
20,0,19,5.3,14.8,108,0
23,4,52.33333333,10.7,16.7,110,0
36,71.5,71.5,53.1,22.9,114,1
21,55.66666667,77,5.5,14.3,105,0
24,4,37.66666667,28,24,110,0
21.5,13.5,49,12.3,17.1,116,0
21,0.666666667,45.33333333,6.9,18.5,112,0
24,23,79.33333333,37.5,17,108,0
22,21.33333333,51,7.2,19.9,113,0
24,0,6,0,29,98,0
24,0,1,0,18.1,114,0
25,29.66666667,75,5.9,18.6,103,0
19,0,2,44.9,8.4,94,0
24,18.33333333,56.33333333,5.6,15.7,111,0
24,0,3,0,16.7,111,0
23,46.33333333,65.33333333,13.9,22.1,115,0
23,0,8,4.3,17.6,113,0
23,6,35,17.9,11.2,109,0
22,2,64,14.6,18.9,106,0
20,41,61.66666667,5,10.6,114,0
24.5,0.5,21,12.2,17.1,109,0
22,31.66666667,42.66666667,8.6,18.4,105,0
22,41.66666667,78.66666667,7.2,19.6,110,0
23,3,43,22.4,24.7,110,0
22,5.333333333,64.33333333,17.5,20.4,108,0
21,45,67,7.5,21.5,111,0
25,1,10,13.8,30.2,110,0
23.5,0,25.5,22,22.4,111,0
21,27,41.66666667,11.9,18.3,115,0
22,1.333333333,64.66666667,7.6,20.2,107,0
22,0,11,20.5,17.7,115,0
20,17,65,6.3,17.8,110,0
27,22,66.66666667,10,20.7,103,0
26,0,12,4,19.1,106,0
35.25,74.75,75,17.8,27.8,101,1
25,13.33333333,42.33333333,39.4,19.4,110,0
22,10.66666667,67.33333333,13.5,23.8,114,0
24,0,3,11.8,27.1,104,0
22.5,0,9.5,21.1,22.8,111,0
25,16.66666667,43.33333333,4.9,17.4,108,0
22,11,57,9.6,17.8,113,0
20,26.33333333,52.66666667,8.8,22.2,107,0
26,29,70,24.8,14.1,116,0
24,10,58.33333333,19.6,24.4,113,0
21,0.666666667,20.66666667,5,23.6,107,0
22.5,0,12,22.6,22.6,109,0
30,64.66666667,64.66666667,40.4,27.7,107,1
23,22.33333333,71,9.1,14.9,109,0
20,10.33333333,45.66666667,34.9,30.5,111,0
21.5,0,22.5,14,20.3,111,0
28,20.33333333,54.66666667,6.3,12.4,112,0
24.5,0,28,21.5,24.9,109,0
20.66666667,67,67,45.6,34.9,117,1
21,0,10,17,20.5,105,0
25.5,0.5,34,9.9,17.5,112,0
22,0,10,18.8,22.9,106,0
24,8,41.66666667,7.8,12.8,112,0
20,0,3,59,20.9,110,0
24,20,54.33333333,7.4,15.6,109,0
22,37,70,29.4,25.3,115,0
25,0,2,0,8.8,91,0
26.5,0,9.5,17.4,20.2,117,0
21,13,74.66666667,10.1,21.7,110,0
27,0,1,0,0,117,0
21,0,24,4.5,27.2,105,0
21,63,74.66666667,6.9,19.2,108,0
19.5,12,56.5,14.9,17,115,0
23,0,4,42.5,21.8,107,0
23,0.333333333,31.66666667,11.4,21.3,114,0
23,5.666666667,24,7.7,20.1,111,0
22,0,28,18.8,17.6,112,0
23,33.33333333,68.66666667,30.2,21.2,111,0
23.5,0.5,25,7.8,14.8,112,0
22,0,11,4.5,16.7,116,0
21,0,1,0,40.7,116,0
21.5,8,52,12.5,20,114,0
21,3.333333333,44,27.3,20.6,114,0
25,10,55,9,25.5,107,0
20,6,47,11.1,22,112,0
21.5,0,12,11.5,23.4,111,0
23,2.333333333,47,16.6,20.9,107,0
21.5,0,13,8.2,10.6,120,0
22,19.33333333,44.33333333,30.5,20.3,122,0
24,41,76.33333333,10.8,19.6,110,0
21,62,64,26.1,26.2,111,0
24,6.333333333,35.33333333,11.8,18.7,115,0
22.5,1.5,30.5,21.4,25.8,110,0
30,66,66,4.5,13,104,1
20,3.666666667,59.66666667,28,16.1,111,0
22.66666667,0.333333333,3.333333333,16.8,24.3,114,0
25,0,23,6.4,15.1,105,0
25.5,0,22.5,6.6,18.3,110,0
24,0,5,0,18.6,116,0
25,5.333333333,26.66666667,9.1,14.1,110,0
23.4,55.6,67,25.2,30.1,108,1
22,0,2,0,10.9,118,0
23,0,4,0,38.5,107,0
26,0,21,8.6,15.8,105,0
22,0,14,9.1,19.1,111,0
25,8,37,5.2,18.6,104,0
21,0.333333333,18.66666667,22.8,23.3,113,0
29,0,28,26,17.8,107,0
25.5,1.5,5.5,30.3,26.6,114,0
23,4.333333333,63,9.4,17.4,115,0
23,9,41.33333333,16,22.6,115,0
19.5,43.5,43.5,10.7,19.1,110,0
22,1,28,5,14.5,111,0
24,14.33333333,58.33333333,7.9,13.1,112,0
24,49.33333333,64.66666667,11,21.4,112,0
24,56.66666667,76.66666667,10.2,21.3,109,0
23,1.666666667,57.33333333,13.3,21.2,109,0
27,20,63,28.2,20.1,113,0
23,0,8,16.4,16.8,103,0
28.5,0,4.5,28,22.1,115,0
26,0,2,9,15.9,115,0
23,39.33333333,71.33333333,13.7,21.8,109,0
26,4,50.66666667,3.9,18.1,108,0
21,0,19,30.4,15.5,110,0
23,8.666666667,59.33333333,11.5,22.1,111,0
22,64,65,9.8,20.2,113,0
20,6,44.33333333,7.6,18.7,111,0
24,0,10,24.6,19.1,114,0
23,0,5,23,21.7,111,0
27,0,2,11.4,23.3,107,0
22,0,2,0,13.2,104,0
30,5,5,7.3,24.8,105,0
22,51,52,4.9,20.1,109,0
24,17.66666667,66.33333333,23.2,19.6,114,0
24.5,0,15.5,6.6,15.8,111,0
26,0,24,27.7,25,109,0
21,1.333333333,48.66666667,9.1,16.6,119,0
20,40,68.66666667,24,23.5,115,0
26,0,1,0,21.6,90,0
22,0,5,10.2,16.1,112,0
29.5,78,78.5,8.2,24.6,109,0
19.5,1,6.5,12.3,19.9,113,0
22.5,0,9.5,2.1,43.4,120,0
19,19,19,12.6,29.6,113,0
25,1,16,11.2,22.9,112,0
24,0,3,7.9,10.5,114,0
24,5.333333333,58,5.5,15.9,111,0
24,0,2,0,16.5,109,0
25,28,76.66666667,4.8,16.3,103,0
